longitude,latitude,scientific_name,year,month,day,taxon_key,dataset_key
70.75516,24.356754,"Semnopithecus entellus (Dufresne, 1797)",2025.0,1.0,1.0,2436564,50c9509d-22c7-4a22-a47d-8c48425ef4a7
76.46422,26.034595,"Semnopithecus entellus (Dufresne, 1797)",2025.0,1.0,20.0,2436564,50c9509d-22c7-4a22-a47d-8c48425ef4a7
73.035316,26.352505,"Semnopithecus entellus (Dufresne, 1797)",2025.0,1.0,15.0,2436564,50c9509d-22c7-4a22-a47d-8c48425ef4a7
79.868953,20.612318,"Semnopithecus entellus (Dufresne, 1797)",2025.0,1.0,13.0,2436564,50c9509d-22c7-4a22-a47d-8c48425ef4a7
79.869096,20.612181,"Semnopithecus entellus (Dufresne, 1797)",2025.0,1.0,12.0,2436564,50c9509d-22c7-4a22-a47d-8c48425ef4a7
80.48999,22.306522,"Semnopithecus entellus (Dufresne, 1797)",2025.0,1.0,25.0,2436564,50c9509d-22c7-4a22-a47d-8c48425ef4a7
75.844865,26.982591,"Semnopithecus entellus (Dufresne, 1797)",2025.0,1.0,27.0,2436564,50c9509d-22c7-4a22-a47d-8c48425ef4a7
81.065069,23.654532,"Semnopithecus entellus (Dufresne, 1797)",2025.0,1.0,30.0,2436564,50c9509d-22c7-4a22-a47d-8c48425ef4a7
77.375018,26.904663,"Semnopithecus entellus (Dufresne, 1797)",2025.0,1.0,6.0,2436564,50c9509d-22c7-4a22-a47d-8c48425ef4a7
81.703182,25.090256,"Semnopithecus entellus (Dufresne, 1797)",2025.0,1.0,1.0,2436564,50c9509d-22c7-4a22-a47d-8c48425ef4a7
76.553287,25.977569,"Semnopithecus entellus (Dufresne, 1797)",2025.0,1.0,4.0,2436564,50c9509d-22c7-4a22-a47d-8c48425ef4a7
73.073694,22.320981,"Semnopithecus entellus (Dufresne, 1797)",2025.0,1.0,28.0,2436564,50c9509d-22c7-4a22-a47d-8c48425ef4a7
83.168614,19.907854,"Semnopithecus entellus (Dufresne, 1797)",2025.0,1.0,31.0,2436564,50c9509d-22c7-4a22-a47d-8c48425ef4a7
72.631926,23.12486,"Semnopithecus entellus (Dufresne, 1797)",2025.0,1.0,5.0,2436564,50c9509d-22c7-4a22-a47d-8c48425ef4a7
72.584938,23.011309,"Semnopithecus entellus (Dufresne, 1797)",2025.0,1.0,15.0,2436564,50c9509d-22c7-4a22-a47d-8c48425ef4a7
73.075314,22.323094,"Semnopithecus entellus (Dufresne, 1797)",2025.0,1.0,28.0,2436564,50c9509d-22c7-4a22-a47d-8c48425ef4a7
80.901827,23.73352,"Semnopithecus entellus (Dufresne, 1797)",2025.0,1.0,30.0,2436564,50c9509d-22c7-4a22-a47d-8c48425ef4a7
81.049038,23.658668,"Semnopithecus entellus (Dufresne, 1797)",2025.0,1.0,30.0,2436564,50c9509d-22c7-4a22-a47d-8c48425ef4a7
76.408536,25.997902,"Semnopithecus entellus (Dufresne, 1797)",2025.0,1.0,23.0,2436564,50c9509d-22c7-4a22-a47d-8c48425ef4a7
80.993041,23.710088,"Semnopithecus entellus (Dufresne, 1797)",2025.0,1.0,30.0,2436564,50c9509d-22c7-4a22-a47d-8c48425ef4a7
80.593852,22.328973,"Semnopithecus entellus (Dufresne, 1797)",2025.0,1.0,28.0,2436564,50c9509d-22c7-4a22-a47d-8c48425ef4a7
80.588489,22.334479,"Semnopithecus entellus (Dufresne, 1797)",2025.0,1.0,27.0,2436564,50c9509d-22c7-4a22-a47d-8c48425ef4a7
80.736166,23.453382,"Semnopithecus entellus (Dufresne, 1797)",2025.0,1.0,29.0,2436564,50c9509d-22c7-4a22-a47d-8c48425ef4a7
76.511211,26.085871,"Semnopithecus entellus (Dufresne, 1797)",2025.0,2.0,4.0,2436564,50c9509d-22c7-4a22-a47d-8c48425ef4a7
76.509342,26.08855,"Semnopithecus entellus (Dufresne, 1797)",2025.0,2.0,4.0,2436564,50c9509d-22c7-4a22-a47d-8c48425ef4a7
76.509444,26.088307,"Semnopithecus entellus (Dufresne, 1797)",2025.0,2.0,5.0,2436564,50c9509d-22c7-4a22-a47d-8c48425ef4a7
75.793144,25.197512,"Semnopithecus entellus (Dufresne, 1797)",2025.0,2.0,12.0,2436564,50c9509d-22c7-4a22-a47d-8c48425ef4a7
74.567433,26.484359,"Semnopithecus entellus (Dufresne, 1797)",2025.0,2.0,5.0,2436564,50c9509d-22c7-4a22-a47d-8c48425ef4a7
82.030109,22.194074,"Semnopithecus entellus (Dufresne, 1797)",2025.0,2.0,13.0,2436564,50c9509d-22c7-4a22-a47d-8c48425ef4a7
80.064249,23.179362,"Semnopithecus entellus (Dufresne, 1797)",2025.0,2.0,11.0,2436564,50c9509d-22c7-4a22-a47d-8c48425ef4a7
75.387233,27.672819,"Semnopithecus entellus (Dufresne, 1797)",2025.0,2.0,18.0,2436564,50c9509d-22c7-4a22-a47d-8c48425ef4a7
82.769528,21.335722,"Semnopithecus entellus (Dufresne, 1797)",2025.0,2.0,18.0,2436564,50c9509d-22c7-4a22-a47d-8c48425ef4a7
82.769528,21.335722,"Semnopithecus entellus (Dufresne, 1797)",2025.0,2.0,18.0,2436564,50c9509d-22c7-4a22-a47d-8c48425ef4a7
82.769528,21.335722,"Semnopithecus entellus (Dufresne, 1797)",2025.0,2.0,18.0,2436564,50c9509d-22c7-4a22-a47d-8c48425ef4a7
78.394422,22.462781,"Semnopithecus entellus (Dufresne, 1797)",2025.0,2.0,27.0,2436564,50c9509d-22c7-4a22-a47d-8c48425ef4a7
76.522354,19.984796,"Semnopithecus entellus (Dufresne, 1797)",2025.0,2.0,15.0,2436564,50c9509d-22c7-4a22-a47d-8c48425ef4a7
81.023271,23.722211,"Semnopithecus entellus (Dufresne, 1797)",2025.0,2.0,19.0,2436564,50c9509d-22c7-4a22-a47d-8c48425ef4a7
78.122592,22.616165,"Semnopithecus entellus (Dufresne, 1797)",2025.0,2.0,15.0,2436564,50c9509d-22c7-4a22-a47d-8c48425ef4a7
78.143664,22.559702,"Semnopithecus entellus (Dufresne, 1797)",2025.0,2.0,12.0,2436564,50c9509d-22c7-4a22-a47d-8c48425ef4a7
81.055207,23.700419,"Semnopithecus entellus (Dufresne, 1797)",2025.0,2.0,25.0,2436564,50c9509d-22c7-4a22-a47d-8c48425ef4a7
78.147355,22.549691,"Semnopithecus entellus (Dufresne, 1797)",2025.0,2.0,14.0,2436564,50c9509d-22c7-4a22-a47d-8c48425ef4a7
75.356901,20.732021,"Semnopithecus entellus (Dufresne, 1797)",2025.0,2.0,21.0,2436564,50c9509d-22c7-4a22-a47d-8c48425ef4a7
77.643753,17.69715,"Semnopithecus entellus (Dufresne, 1797)",2025.0,2.0,1.0,2436564,50c9509d-22c7-4a22-a47d-8c48425ef4a7
79.066642,19.152484,"Semnopithecus entellus (Dufresne, 1797)",2025.0,2.0,3.0,2436564,50c9509d-22c7-4a22-a47d-8c48425ef4a7
76.373901,25.90241,"Semnopithecus entellus (Dufresne, 1797)",2025.0,2.0,26.0,2436564,50c9509d-22c7-4a22-a47d-8c48425ef4a7
76.390407,25.964459,"Semnopithecus entellus (Dufresne, 1797)",2025.0,2.0,26.0,2436564,50c9509d-22c7-4a22-a47d-8c48425ef4a7
75.837867,26.967348,"Semnopithecus entellus (Dufresne, 1797)",2025.0,2.0,28.0,2436564,50c9509d-22c7-4a22-a47d-8c48425ef4a7
76.509356,26.08848,"Semnopithecus entellus (Dufresne, 1797)",2025.0,2.0,4.0,2436564,50c9509d-22c7-4a22-a47d-8c48425ef4a7
76.509444,26.088307,"Semnopithecus entellus (Dufresne, 1797)",2025.0,2.0,7.0,2436564,50c9509d-22c7-4a22-a47d-8c48425ef4a7
80.013608,24.734829,"Semnopithecus entellus (Dufresne, 1797)",2025.0,2.0,2.0,2436564,50c9509d-22c7-4a22-a47d-8c48425ef4a7
77.374135,23.24134,"Semnopithecus entellus (Dufresne, 1797)",2025.0,2.0,10.0,2436564,50c9509d-22c7-4a22-a47d-8c48425ef4a7
73.686498,24.572133,"Semnopithecus entellus (Dufresne, 1797)",2025.0,2.0,24.0,2436564,50c9509d-22c7-4a22-a47d-8c48425ef4a7
75.666811,24.959868,"Semnopithecus entellus (Dufresne, 1797)",2025.0,2.0,25.0,2436564,50c9509d-22c7-4a22-a47d-8c48425ef4a7
75.851088,26.99175,"Semnopithecus entellus (Dufresne, 1797)",2025.0,2.0,8.0,2436564,50c9509d-22c7-4a22-a47d-8c48425ef4a7
76.51992,26.082721,"Semnopithecus entellus (Dufresne, 1797)",2025.0,2.0,4.0,2436564,50c9509d-22c7-4a22-a47d-8c48425ef4a7
75.867625,26.918366,"Semnopithecus entellus (Dufresne, 1797)",2025.0,2.0,24.0,2436564,50c9509d-22c7-4a22-a47d-8c48425ef4a7
70.60012,21.185003,"Semnopithecus entellus (Dufresne, 1797)",2025.0,2.0,26.0,2436564,50c9509d-22c7-4a22-a47d-8c48425ef4a7
69.966562,21.260363,"Semnopithecus entellus (Dufresne, 1797)",2025.0,3.0,2.0,2436564,50c9509d-22c7-4a22-a47d-8c48425ef4a7
83.448753,18.148483,"Semnopithecus entellus (Dufresne, 1797)",2025.0,3.0,2.0,2436564,50c9509d-22c7-4a22-a47d-8c48425ef4a7
78.434585,22.467444,"Semnopithecus entellus (Dufresne, 1797)",2025.0,3.0,7.0,2436564,50c9509d-22c7-4a22-a47d-8c48425ef4a7
74.551445,26.488047,"Semnopithecus entellus (Dufresne, 1797)",2025.0,3.0,9.0,2436564,50c9509d-22c7-4a22-a47d-8c48425ef4a7
72.552915,23.037626,"Semnopithecus entellus (Dufresne, 1797)",2025.0,3.0,17.0,2436564,50c9509d-22c7-4a22-a47d-8c48425ef4a7
75.834088,26.855707,"Semnopithecus entellus (Dufresne, 1797)",2025.0,3.0,14.0,2436564,50c9509d-22c7-4a22-a47d-8c48425ef4a7
76.46251,26.016983,"Semnopithecus entellus (Dufresne, 1797)",2025.0,3.0,25.0,2436564,50c9509d-22c7-4a22-a47d-8c48425ef4a7
73.768864,18.375904,"Semnopithecus entellus (Dufresne, 1797)",2025.0,3.0,21.0,2436564,50c9509d-22c7-4a22-a47d-8c48425ef4a7
76.401987,25.953555,"Semnopithecus entellus (Dufresne, 1797)",2025.0,3.0,28.0,2436564,50c9509d-22c7-4a22-a47d-8c48425ef4a7
72.703435,24.576427,"Semnopithecus entellus (Dufresne, 1797)",2025.0,3.0,2.0,2436564,50c9509d-22c7-4a22-a47d-8c48425ef4a7
73.768864,18.375904,"Semnopithecus entellus (Dufresne, 1797)",2025.0,3.0,21.0,2436564,50c9509d-22c7-4a22-a47d-8c48425ef4a7
72.703435,24.576427,"Semnopithecus entellus (Dufresne, 1797)",2025.0,3.0,2.0,2436564,50c9509d-22c7-4a22-a47d-8c48425ef4a7
80.123582,23.232354,"Semnopithecus entellus (Dufresne, 1797)",2025.0,3.0,30.0,2436564,50c9509d-22c7-4a22-a47d-8c48425ef4a7
73.768864,18.375904,"Semnopithecus entellus (Dufresne, 1797)",2025.0,3.0,21.0,2436564,50c9509d-22c7-4a22-a47d-8c48425ef4a7
79.986591,21.24817,"Semnopithecus entellus (Dufresne, 1797)",2025.0,3.0,17.0,2436564,50c9509d-22c7-4a22-a47d-8c48425ef4a7
73.175245,22.313186,"Semnopithecus entellus (Dufresne, 1797)",2025.0,3.0,30.0,2436564,50c9509d-22c7-4a22-a47d-8c48425ef4a7
70.618942,21.144311,"Semnopithecus entellus (Dufresne, 1797)",2025.0,3.0,16.0,2436564,50c9509d-22c7-4a22-a47d-8c48425ef4a7
70.581169,21.189328,"Semnopithecus entellus (Dufresne, 1797)",2025.0,3.0,14.0,2436564,50c9509d-22c7-4a22-a47d-8c48425ef4a7
80.007077,21.185143,"Semnopithecus entellus (Dufresne, 1797)",2025.0,3.0,15.0,2436564,50c9509d-22c7-4a22-a47d-8c48425ef4a7
78.533369,20.097775,"Semnopithecus entellus (Dufresne, 1797)",2025.0,3.0,22.0,2436564,50c9509d-22c7-4a22-a47d-8c48425ef4a7
86.99078,23.396559,"Semnopithecus entellus (Dufresne, 1797)",2025.0,3.0,2.0,2436564,50c9509d-22c7-4a22-a47d-8c48425ef4a7
79.305201,21.776952,"Semnopithecus entellus (Dufresne, 1797)",2025.0,3.0,27.0,2436564,50c9509d-22c7-4a22-a47d-8c48425ef4a7
79.376972,21.720506,"Semnopithecus entellus (Dufresne, 1797)",2025.0,3.0,25.0,2436564,50c9509d-22c7-4a22-a47d-8c48425ef4a7
76.454878,26.020442,"Semnopithecus entellus (Dufresne, 1797)",2025.0,3.0,18.0,2436564,50c9509d-22c7-4a22-a47d-8c48425ef4a7
76.39547,25.918388,"Semnopithecus entellus (Dufresne, 1797)",2025.0,3.0,12.0,2436564,50c9509d-22c7-4a22-a47d-8c48425ef4a7
79.292941,21.763461,"Semnopithecus entellus (Dufresne, 1797)",2025.0,3.0,27.0,2436564,50c9509d-22c7-4a22-a47d-8c48425ef4a7
73.03491,26.351569,"Semnopithecus entellus (Dufresne, 1797)",2025.0,3.0,23.0,2436564,50c9509d-22c7-4a22-a47d-8c48425ef4a7
72.640086,25.117941,"Semnopithecus entellus (Dufresne, 1797)",2025.0,3.0,6.0,2436564,50c9509d-22c7-4a22-a47d-8c48425ef4a7
72.639979,25.118187,"Semnopithecus entellus (Dufresne, 1797)",2025.0,3.0,6.0,2436564,50c9509d-22c7-4a22-a47d-8c48425ef4a7
80.066372,22.32232,"Semnopithecus entellus (Dufresne, 1797)",2025.0,3.0,17.0,2436564,50c9509d-22c7-4a22-a47d-8c48425ef4a7
72.758775,24.571695,"Semnopithecus entellus (Dufresne, 1797)",2025.0,3.0,8.0,2436564,50c9509d-22c7-4a22-a47d-8c48425ef4a7
76.553287,25.977569,"Semnopithecus entellus (Dufresne, 1797)",2025.0,3.0,2.0,2436564,50c9509d-22c7-4a22-a47d-8c48425ef4a7
76.394225,25.908897,"Semnopithecus entellus (Dufresne, 1797)",2025.0,3.0,26.0,2436564,50c9509d-22c7-4a22-a47d-8c48425ef4a7
89.705344,24.461555,"Semnopithecus entellus (Dufresne, 1797)",2025.0,3.0,4.0,2436564,50c9509d-22c7-4a22-a47d-8c48425ef4a7
79.387571,20.271789,"Semnopithecus entellus (Dufresne, 1797)",2025.0,4.0,6.0,2436564,50c9509d-22c7-4a22-a47d-8c48425ef4a7
79.387571,20.271789,"Semnopithecus entellus (Dufresne, 1797)",2025.0,4.0,7.0,2436564,50c9509d-22c7-4a22-a47d-8c48425ef4a7
79.387571,20.271789,"Semnopithecus entellus (Dufresne, 1797)",2025.0,4.0,7.0,2436564,50c9509d-22c7-4a22-a47d-8c48425ef4a7
73.145124,25.03547,"Semnopithecus entellus (Dufresne, 1797)",2025.0,4.0,10.0,2436564,50c9509d-22c7-4a22-a47d-8c48425ef4a7
88.308123,22.480067,"Semnopithecus entellus (Dufresne, 1797)",2025.0,4.0,27.0,2436564,50c9509d-22c7-4a22-a47d-8c48425ef4a7
86.987433,23.395141,"Semnopithecus entellus (Dufresne, 1797)",2025.0,4.0,27.0,2436564,50c9509d-22c7-4a22-a47d-8c48425ef4a7
78.323624,17.385091,"Semnopithecus entellus (Dufresne, 1797)",2025.0,4.0,28.0,2436564,50c9509d-22c7-4a22-a47d-8c48425ef4a7
80.007077,21.185143,"Semnopithecus entellus (Dufresne, 1797)",2025.0,4.0,11.0,2436564,50c9509d-22c7-4a22-a47d-8c48425ef4a7
79.328842,21.750253,"Semnopithecus entellus (Dufresne, 1797)",2025.0,4.0,11.0,2436564,50c9509d-22c7-4a22-a47d-8c48425ef4a7
79.328842,21.750253,"Semnopithecus entellus (Dufresne, 1797)",2025.0,4.0,11.0,2436564,50c9509d-22c7-4a22-a47d-8c48425ef4a7
86.956353,23.724916,"Semnopithecus entellus (Dufresne, 1797)",2025.0,4.0,12.0,2436564,50c9509d-22c7-4a22-a47d-8c48425ef4a7
80.647506,22.167269,"Semnopithecus entellus (Dufresne, 1797)",2025.0,4.0,10.0,2436564,50c9509d-22c7-4a22-a47d-8c48425ef4a7
78.13745,22.552917,"Semnopithecus entellus (Dufresne, 1797)",2025.0,4.0,6.0,2436564,50c9509d-22c7-4a22-a47d-8c48425ef4a7
76.626337,25.328537,"Semnopithecus entellus (Dufresne, 1797)",2025.0,4.0,27.0,2436564,50c9509d-22c7-4a22-a47d-8c48425ef4a7
79.897579,23.152945,"Semnopithecus entellus (Dufresne, 1797)",2025.0,4.0,28.0,2436564,50c9509d-22c7-4a22-a47d-8c48425ef4a7
77.36437,23.231432,"Semnopithecus entellus (Dufresne, 1797)",2025.0,4.0,27.0,2436564,50c9509d-22c7-4a22-a47d-8c48425ef4a7
80.521153,22.308592,"Semnopithecus entellus (Dufresne, 1797)",2025.0,4.0,26.0,2436564,50c9509d-22c7-4a22-a47d-8c48425ef4a7
73.145124,25.03547,"Semnopithecus entellus (Dufresne, 1797)",2025.0,4.0,10.0,2436564,50c9509d-22c7-4a22-a47d-8c48425ef4a7
86.974546,23.396815,"Semnopithecus entellus (Dufresne, 1797)",2025.0,4.0,27.0,2436564,50c9509d-22c7-4a22-a47d-8c48425ef4a7
87.877971,22.647612,"Semnopithecus entellus (Dufresne, 1797)",2025.0,4.0,6.0,2436564,50c9509d-22c7-4a22-a47d-8c48425ef4a7
80.586428,22.299496,"Semnopithecus entellus (Dufresne, 1797)",2025.0,4.0,12.0,2436564,50c9509d-22c7-4a22-a47d-8c48425ef4a7
69.965813,21.25763,"Semnopithecus entellus (Dufresne, 1797)",2025.0,5.0,7.0,2436564,50c9509d-22c7-4a22-a47d-8c48425ef4a7
72.656471,23.239574,"Semnopithecus entellus (Dufresne, 1797)",2025.0,5.0,5.0,2436564,50c9509d-22c7-4a22-a47d-8c48425ef4a7
85.824887,20.403959,"Semnopithecus entellus (Dufresne, 1797)",2025.0,5.0,20.0,2436564,50c9509d-22c7-4a22-a47d-8c48425ef4a7
88.228679,22.814843,"Semnopithecus entellus (Dufresne, 1797)",2025.0,5.0,17.0,2436564,50c9509d-22c7-4a22-a47d-8c48425ef4a7
72.549513,23.03627,"Semnopithecus entellus (Dufresne, 1797)",2025.0,5.0,28.0,2436564,50c9509d-22c7-4a22-a47d-8c48425ef4a7
72.549513,23.036275,"Semnopithecus entellus (Dufresne, 1797)",2025.0,5.0,28.0,2436564,50c9509d-22c7-4a22-a47d-8c48425ef4a7
88.194734,22.493022,"Semnopithecus entellus (Dufresne, 1797)",2025.0,5.0,30.0,2436564,50c9509d-22c7-4a22-a47d-8c48425ef4a7
80.973071,23.797873,"Semnopithecus entellus (Dufresne, 1797)",2025.0,5.0,31.0,2436564,50c9509d-22c7-4a22-a47d-8c48425ef4a7
81.074455,23.675987,"Semnopithecus entellus (Dufresne, 1797)",2025.0,5.0,30.0,2436564,50c9509d-22c7-4a22-a47d-8c48425ef4a7
81.064484,23.654423,"Semnopithecus entellus (Dufresne, 1797)",2025.0,5.0,30.0,2436564,50c9509d-22c7-4a22-a47d-8c48425ef4a7
81.081924,23.676445,"Semnopithecus entellus (Dufresne, 1797)",2025.0,5.0,30.0,2436564,50c9509d-22c7-4a22-a47d-8c48425ef4a7
81.064484,23.654423,"Semnopithecus entellus (Dufresne, 1797)",2025.0,5.0,30.0,2436564,50c9509d-22c7-4a22-a47d-8c48425ef4a7
79.336855,21.739087,"Semnopithecus entellus (Dufresne, 1797)",2025.0,5.0,28.0,2436564,50c9509d-22c7-4a22-a47d-8c48425ef4a7
85.358222,23.33512,"Semnopithecus entellus (Dufresne, 1797)",2025.0,5.0,12.0,2436564,50c9509d-22c7-4a22-a47d-8c48425ef4a7
85.246372,19.536164,"Semnopithecus entellus (Dufresne, 1797)",2025.0,5.0,17.0,2436564,50c9509d-22c7-4a22-a47d-8c48425ef4a7
80.82154,23.624695,"Semnopithecus entellus (Dufresne, 1797)",2025.0,5.0,31.0,2436564,50c9509d-22c7-4a22-a47d-8c48425ef4a7
73.683692,24.578047,"Semnopithecus entellus (Dufresne, 1797)",2025.0,6.0,2.0,2436564,50c9509d-22c7-4a22-a47d-8c48425ef4a7
72.764581,22.83339,"Semnopithecus entellus (Dufresne, 1797)",2025.0,6.0,1.0,2436564,50c9509d-22c7-4a22-a47d-8c48425ef4a7
76.479371,26.050547,"Semnopithecus entellus (Dufresne, 1797)",2025.0,6.0,5.0,2436564,50c9509d-22c7-4a22-a47d-8c48425ef4a7
76.479371,26.050547,"Semnopithecus entellus (Dufresne, 1797)",2025.0,6.0,5.0,2436564,50c9509d-22c7-4a22-a47d-8c48425ef4a7
73.685203,24.566197,"Semnopithecus entellus (Dufresne, 1797)",2025.0,6.0,1.0,2436564,50c9509d-22c7-4a22-a47d-8c48425ef4a7
81.777027,21.092571,"Semnopithecus entellus (Dufresne, 1797)",2025.0,6.0,19.0,2436564,50c9509d-22c7-4a22-a47d-8c48425ef4a7
88.762087,23.186178,"Semnopithecus entellus (Dufresne, 1797)",2025.0,6.0,9.0,2436564,50c9509d-22c7-4a22-a47d-8c48425ef4a7
87.970832,22.435544,"Semnopithecus entellus (Dufresne, 1797)",2025.0,6.0,7.0,2436564,50c9509d-22c7-4a22-a47d-8c48425ef4a7
85.825964,20.39577,"Semnopithecus entellus (Dufresne, 1797)",2025.0,6.0,14.0,2436564,50c9509d-22c7-4a22-a47d-8c48425ef4a7
81.778473,21.088848,"Semnopithecus entellus (Dufresne, 1797)",2025.0,6.0,19.0,2436564,50c9509d-22c7-4a22-a47d-8c48425ef4a7
85.823503,20.384792,"Semnopithecus entellus (Dufresne, 1797)",2025.0,6.0,20.0,2436564,50c9509d-22c7-4a22-a47d-8c48425ef4a7
76.476533,26.044889,"Semnopithecus entellus (Dufresne, 1797)",2025.0,6.0,5.0,2436564,50c9509d-22c7-4a22-a47d-8c48425ef4a7
75.703631,20.551378,"Semnopithecus entellus (Dufresne, 1797)",2025.0,6.0,8.0,2436564,50c9509d-22c7-4a22-a47d-8c48425ef4a7
91.822892,26.121388,"Semnopithecus entellus (Dufresne, 1797)",2025.0,6.0,1.0,2436564,50c9509d-22c7-4a22-a47d-8c48425ef4a7
75.796431,26.916788,"Semnopithecus entellus (Dufresne, 1797)",2025.0,7.0,17.0,2436564,50c9509d-22c7-4a22-a47d-8c48425ef4a7
70.469513,21.543088,"Semnopithecus entellus (Dufresne, 1797)",2025.0,7.0,17.0,2436564,50c9509d-22c7-4a22-a47d-8c48425ef4a7
76.471218,21.224885,"Semnopithecus entellus (Dufresne, 1797)",2025.0,7.0,31.0,2436564,50c9509d-22c7-4a22-a47d-8c48425ef4a7
80.513476,16.619138,"Semnopithecus entellus (Dufresne, 1797)",2025.0,7.0,8.0,2436564,50c9509d-22c7-4a22-a47d-8c48425ef4a7
72.51967,23.044682,"Semnopithecus entellus (Dufresne, 1797)",2025.0,7.0,22.0,2436564,50c9509d-22c7-4a22-a47d-8c48425ef4a7
72.109956,23.849084,"Semnopithecus entellus (Dufresne, 1797)",2025.0,7.0,27.0,2436564,50c9509d-22c7-4a22-a47d-8c48425ef4a7
73.63939,24.59335,"Semnopithecus entellus (Dufresne, 1797)",2025.0,7.0,26.0,2436564,50c9509d-22c7-4a22-a47d-8c48425ef4a7
73.5817,25.14828,"Semnopithecus entellus (Dufresne, 1797)",2025.0,7.0,27.0,2436564,50c9509d-22c7-4a22-a47d-8c48425ef4a7
73.69255,24.5786,"Semnopithecus entellus (Dufresne, 1797)",2025.0,7.0,26.0,2436564,50c9509d-22c7-4a22-a47d-8c48425ef4a7
73.57394,25.13533,"Semnopithecus entellus (Dufresne, 1797)",2025.0,7.0,27.0,2436564,50c9509d-22c7-4a22-a47d-8c48425ef4a7
84.272485,23.899814,"Semnopithecus entellus (Dufresne, 1797)",2025.0,7.0,30.0,2436564,50c9509d-22c7-4a22-a47d-8c48425ef4a7
84.272485,23.899814,"Semnopithecus entellus (Dufresne, 1797)",2025.0,7.0,30.0,2436564,50c9509d-22c7-4a22-a47d-8c48425ef4a7
84.272485,23.899814,"Semnopithecus entellus (Dufresne, 1797)",2025.0,7.0,30.0,2436564,50c9509d-22c7-4a22-a47d-8c48425ef4a7
73.47227,25.11595,"Semnopithecus entellus (Dufresne, 1797)",2025.0,7.0,28.0,2436564,50c9509d-22c7-4a22-a47d-8c48425ef4a7
84.272706,23.900207,"Semnopithecus entellus (Dufresne, 1797)",2025.0,7.0,30.0,2436564,50c9509d-22c7-4a22-a47d-8c48425ef4a7
84.272485,23.899814,"Semnopithecus entellus (Dufresne, 1797)",2025.0,7.0,30.0,2436564,50c9509d-22c7-4a22-a47d-8c48425ef4a7
84.272485,23.899814,"Semnopithecus entellus (Dufresne, 1797)",2025.0,7.0,30.0,2436564,50c9509d-22c7-4a22-a47d-8c48425ef4a7
74.55586,26.48969,"Semnopithecus entellus (Dufresne, 1797)",2025.0,7.0,29.0,2436564,50c9509d-22c7-4a22-a47d-8c48425ef4a7
85.047508,24.73673,"Semnopithecus entellus (Dufresne, 1797)",2025.0,7.0,3.0,2436564,50c9509d-22c7-4a22-a47d-8c48425ef4a7
76.471218,21.224885,"Semnopithecus entellus (Dufresne, 1797)",2025.0,8.0,1.0,2436564,50c9509d-22c7-4a22-a47d-8c48425ef4a7
76.068132,22.983595,"Semnopithecus entellus (Dufresne, 1797)",2025.0,8.0,2.0,2436564,50c9509d-22c7-4a22-a47d-8c48425ef4a7
80.514637,16.620418,"Semnopithecus entellus (Dufresne, 1797)",2025.0,8.0,5.0,2436564,50c9509d-22c7-4a22-a47d-8c48425ef4a7
72.457581,23.027564,"Semnopithecus entellus (Dufresne, 1797)",2025.0,8.0,7.0,2436564,50c9509d-22c7-4a22-a47d-8c48425ef4a7
79.392376,18.919378,"Semnopithecus entellus (Dufresne, 1797)",2025.0,8.0,10.0,2436564,50c9509d-22c7-4a22-a47d-8c48425ef4a7
72.552916,23.038739,"Semnopithecus entellus (Dufresne, 1797)",2025.0,8.0,18.0,2436564,50c9509d-22c7-4a22-a47d-8c48425ef4a7
72.55438,23.038136,"Semnopithecus entellus (Dufresne, 1797)",2025.0,8.0,18.0,2436564,50c9509d-22c7-4a22-a47d-8c48425ef4a7
79.410795,18.928467,"Semnopithecus entellus (Dufresne, 1797)",2025.0,8.0,9.0,2436564,50c9509d-22c7-4a22-a47d-8c48425ef4a7
72.551653,23.037469,"Semnopithecus entellus (Dufresne, 1797)",2025.0,8.0,12.0,2436564,50c9509d-22c7-4a22-a47d-8c48425ef4a7
82.039434,20.793976,"Semnopithecus entellus (Dufresne, 1797)",2025.0,8.0,26.0,2436564,50c9509d-22c7-4a22-a47d-8c48425ef4a7
75.510634,21.043556,"Semnopithecus entellus (Dufresne, 1797)",2025.0,8.0,14.0,2436564,50c9509d-22c7-4a22-a47d-8c48425ef4a7
75.510634,21.043556,"Semnopithecus entellus (Dufresne, 1797)",2025.0,8.0,14.0,2436564,50c9509d-22c7-4a22-a47d-8c48425ef4a7
75.566129,21.021245,"Semnopithecus entellus (Dufresne, 1797)",2025.0,8.0,26.0,2436564,50c9509d-22c7-4a22-a47d-8c48425ef4a7
81.084364,22.177488,"Semnopithecus entellus (Dufresne, 1797)",2025.0,8.0,15.0,2436564,50c9509d-22c7-4a22-a47d-8c48425ef4a7
77.282997,17.904391,"Semnopithecus entellus (Dufresne, 1797)",2025.0,8.0,28.0,2436564,50c9509d-22c7-4a22-a47d-8c48425ef4a7
73.160825,22.261708,"Semnopithecus entellus (Dufresne, 1797)",2025.0,8.0,19.0,2436564,50c9509d-22c7-4a22-a47d-8c48425ef4a7
75.510634,21.043556,"Semnopithecus entellus (Dufresne, 1797)",2025.0,8.0,14.0,2436564,50c9509d-22c7-4a22-a47d-8c48425ef4a7
75.566129,21.021245,"Semnopithecus entellus (Dufresne, 1797)",2025.0,8.0,26.0,2436564,50c9509d-22c7-4a22-a47d-8c48425ef4a7
79.410623,18.928386,"Semnopithecus entellus (Dufresne, 1797)",2025.0,8.0,9.0,2436564,50c9509d-22c7-4a22-a47d-8c48425ef4a7
80.530649,16.625426,"Semnopithecus entellus (Dufresne, 1797)",2025.0,8.0,31.0,2436564,50c9509d-22c7-4a22-a47d-8c48425ef4a7
72.553096,23.038235,"Semnopithecus entellus (Dufresne, 1797)",2025.0,8.0,18.0,2436564,50c9509d-22c7-4a22-a47d-8c48425ef4a7
72.553603,23.038144,"Semnopithecus entellus (Dufresne, 1797)",2025.0,8.0,18.0,2436564,50c9509d-22c7-4a22-a47d-8c48425ef4a7
72.7245,24.569,"Semnopithecus entellus (Dufresne, 1797)",2025.0,8.0,7.0,2436564,50c9509d-22c7-4a22-a47d-8c48425ef4a7
72.553183,23.038255,"Semnopithecus entellus (Dufresne, 1797)",2025.0,8.0,18.0,2436564,50c9509d-22c7-4a22-a47d-8c48425ef4a7
72.927911,20.609503,"Semnopithecus entellus (Dufresne, 1797)",2025.0,8.0,5.0,2436564,50c9509d-22c7-4a22-a47d-8c48425ef4a7
72.551708,23.037498,"Semnopithecus entellus (Dufresne, 1797)",2025.0,8.0,12.0,2436564,50c9509d-22c7-4a22-a47d-8c48425ef4a7
72.71632,24.60303,"Semnopithecus entellus (Dufresne, 1797)",2025.0,8.0,6.0,2436564,50c9509d-22c7-4a22-a47d-8c48425ef4a7
72.78015,24.57078,"Semnopithecus entellus (Dufresne, 1797)",2025.0,8.0,8.0,2436564,50c9509d-22c7-4a22-a47d-8c48425ef4a7
76.47531,27.55753,"Semnopithecus entellus (Dufresne, 1797)",2025.0,8.0,12.0,2436564,50c9509d-22c7-4a22-a47d-8c48425ef4a7
76.47272,27.55684,"Semnopithecus entellus (Dufresne, 1797)",2025.0,8.0,13.0,2436564,50c9509d-22c7-4a22-a47d-8c48425ef4a7
72.69733,24.58575,"Semnopithecus entellus (Dufresne, 1797)",2025.0,8.0,6.0,2436564,50c9509d-22c7-4a22-a47d-8c48425ef4a7
72.69733,24.58575,"Semnopithecus entellus (Dufresne, 1797)",2025.0,8.0,6.0,2436564,50c9509d-22c7-4a22-a47d-8c48425ef4a7
80.518541,16.620155,"Semnopithecus entellus (Dufresne, 1797)",2025.0,9.0,3.0,2436564,50c9509d-22c7-4a22-a47d-8c48425ef4a7
73.6392,24.593102,"Semnopithecus entellus (Dufresne, 1797)",2025.0,9.0,11.0,2436564,50c9509d-22c7-4a22-a47d-8c48425ef4a7
73.639202,24.593076,"Semnopithecus entellus (Dufresne, 1797)",2025.0,9.0,11.0,2436564,50c9509d-22c7-4a22-a47d-8c48425ef4a7
75.324411,20.717303,"Semnopithecus entellus (Dufresne, 1797)",2025.0,9.0,9.0,2436564,50c9509d-22c7-4a22-a47d-8c48425ef4a7
75.759497,25.080954,"Semnopithecus entellus (Dufresne, 1797)",2025.0,9.0,22.0,2436564,50c9509d-22c7-4a22-a47d-8c48425ef4a7
79.920112,24.841826,"Semnopithecus entellus (Dufresne, 1797)",2025.0,9.0,18.0,2436564,50c9509d-22c7-4a22-a47d-8c48425ef4a7
72.552424,23.038153,"Semnopithecus entellus (Dufresne, 1797)",2025.0,9.0,3.0,2436564,50c9509d-22c7-4a22-a47d-8c48425ef4a7
88.374634,22.667635,"Semnopithecus entellus (Dufresne, 1797)",2025.0,9.0,1.0,2436564,50c9509d-22c7-4a22-a47d-8c48425ef4a7
75.324411,20.717303,"Semnopithecus entellus (Dufresne, 1797)",2025.0,9.0,9.0,2436564,50c9509d-22c7-4a22-a47d-8c48425ef4a7
75.759497,25.080954,"Semnopithecus entellus (Dufresne, 1797)",2025.0,9.0,22.0,2436564,50c9509d-22c7-4a22-a47d-8c48425ef4a7
79.920123,24.841823,"Semnopithecus entellus (Dufresne, 1797)",2025.0,9.0,18.0,2436564,50c9509d-22c7-4a22-a47d-8c48425ef4a7
75.759497,25.080954,"Semnopithecus entellus (Dufresne, 1797)",2025.0,9.0,22.0,2436564,50c9509d-22c7-4a22-a47d-8c48425ef4a7
79.920072,24.841821,"Semnopithecus entellus (Dufresne, 1797)",2025.0,9.0,18.0,2436564,50c9509d-22c7-4a22-a47d-8c48425ef4a7
75.759497,25.080954,"Semnopithecus entellus (Dufresne, 1797)",2025.0,9.0,22.0,2436564,50c9509d-22c7-4a22-a47d-8c48425ef4a7
79.920078,24.841813,"Semnopithecus entellus (Dufresne, 1797)",2025.0,9.0,18.0,2436564,50c9509d-22c7-4a22-a47d-8c48425ef4a7
75.757851,25.078956,"Semnopithecus entellus (Dufresne, 1797)",2025.0,9.0,22.0,2436564,50c9509d-22c7-4a22-a47d-8c48425ef4a7
75.324411,20.717303,"Semnopithecus entellus (Dufresne, 1797)",2025.0,9.0,9.0,2436564,50c9509d-22c7-4a22-a47d-8c48425ef4a7
79.920102,24.841821,"Semnopithecus entellus (Dufresne, 1797)",2025.0,9.0,18.0,2436564,50c9509d-22c7-4a22-a47d-8c48425ef4a7
79.920088,24.841805,"Semnopithecus entellus (Dufresne, 1797)",2025.0,9.0,18.0,2436564,50c9509d-22c7-4a22-a47d-8c48425ef4a7
75.758771,25.080159,"Semnopithecus entellus (Dufresne, 1797)",2025.0,9.0,17.0,2436564,50c9509d-22c7-4a22-a47d-8c48425ef4a7
74.502878,26.562883,"Semnopithecus entellus (Dufresne, 1797)",2025.0,9.0,10.0,2436564,50c9509d-22c7-4a22-a47d-8c48425ef4a7
75.721039,25.059428,"Semnopithecus entellus (Dufresne, 1797)",2025.0,9.0,23.0,2436564,50c9509d-22c7-4a22-a47d-8c48425ef4a7
72.553459,23.037018,"Semnopithecus entellus (Dufresne, 1797)",2025.0,9.0,8.0,2436564,50c9509d-22c7-4a22-a47d-8c48425ef4a7
76.39003,26.025543,"Semnopithecus entellus (Dufresne, 1797)",2025.0,9.0,5.0,2436564,50c9509d-22c7-4a22-a47d-8c48425ef4a7
76.456718,26.023813,"Semnopithecus entellus (Dufresne, 1797)",2025.0,9.0,27.0,2436564,50c9509d-22c7-4a22-a47d-8c48425ef4a7
76.232205,27.207376,"Semnopithecus entellus (Dufresne, 1797)",2025.0,9.0,25.0,2436564,50c9509d-22c7-4a22-a47d-8c48425ef4a7
76.430096,26.066768,"Semnopithecus entellus (Dufresne, 1797)",2025.0,9.0,27.0,2436564,50c9509d-22c7-4a22-a47d-8c48425ef4a7
76.553287,25.977564,"Semnopithecus entellus (Dufresne, 1797)",2025.0,9.0,27.0,2436564,50c9509d-22c7-4a22-a47d-8c48425ef4a7
76.426842,26.066095,"Semnopithecus entellus (Dufresne, 1797)",2025.0,9.0,27.0,2436564,50c9509d-22c7-4a22-a47d-8c48425ef4a7
76.452813,26.018491,"Semnopithecus entellus (Dufresne, 1797)",2025.0,9.0,27.0,2436564,50c9509d-22c7-4a22-a47d-8c48425ef4a7
72.646287,23.204422,"Semnopithecus entellus (Dufresne, 1797)",2025.0,9.0,28.0,2436564,50c9509d-22c7-4a22-a47d-8c48425ef4a7
70.601947,21.168514,"Semnopithecus entellus (Dufresne, 1797)",2025.0,9.0,28.0,2436564,50c9509d-22c7-4a22-a47d-8c48425ef4a7
88.131326,23.652393,"Semnopithecus entellus (Dufresne, 1797)",2025.0,10.0,5.0,2436564,50c9509d-22c7-4a22-a47d-8c48425ef4a7
88.164364,23.62169,"Semnopithecus entellus (Dufresne, 1797)",2025.0,10.0,6.0,2436564,50c9509d-22c7-4a22-a47d-8c48425ef4a7
85.103043,19.666206,"Semnopithecus entellus (Dufresne, 1797)",2025.0,10.0,6.0,2436564,50c9509d-22c7-4a22-a47d-8c48425ef4a7
85.10934,19.653689,"Semnopithecus entellus (Dufresne, 1797)",2025.0,10.0,3.0,2436564,50c9509d-22c7-4a22-a47d-8c48425ef4a7
88.16437,23.621691,"Semnopithecus entellus (Dufresne, 1797)",2025.0,10.0,6.0,2436564,50c9509d-22c7-4a22-a47d-8c48425ef4a7
85.103043,19.666206,"Semnopithecus entellus (Dufresne, 1797)",2025.0,10.0,6.0,2436564,50c9509d-22c7-4a22-a47d-8c48425ef4a7
85.10934,19.653689,"Semnopithecus entellus (Dufresne, 1797)",2025.0,10.0,3.0,2436564,50c9509d-22c7-4a22-a47d-8c48425ef4a7
88.131319,23.65238,"Semnopithecus entellus (Dufresne, 1797)",2025.0,10.0,5.0,2436564,50c9509d-22c7-4a22-a47d-8c48425ef4a7
88.131361,23.652394,"Semnopithecus entellus (Dufresne, 1797)",2025.0,10.0,5.0,2436564,50c9509d-22c7-4a22-a47d-8c48425ef4a7
76.468513,26.027864,"Semnopithecus entellus (Dufresne, 1797)",2025.0,10.0,11.0,2436564,50c9509d-22c7-4a22-a47d-8c48425ef4a7
85.159375,19.68249,"Semnopithecus entellus (Dufresne, 1797)",2025.0,10.0,4.0,2436564,50c9509d-22c7-4a22-a47d-8c48425ef4a7
85.159156,19.682614,"Semnopithecus entellus (Dufresne, 1797)",2025.0,10.0,4.0,2436564,50c9509d-22c7-4a22-a47d-8c48425ef4a7
81.668687,21.566422,"Semnopithecus entellus (Dufresne, 1797)",2025.0,10.0,2.0,2436564,50c9509d-22c7-4a22-a47d-8c48425ef4a7
85.149444,19.695031,"Semnopithecus entellus (Dufresne, 1797)",2025.0,10.0,4.0,2436564,50c9509d-22c7-4a22-a47d-8c48425ef4a7
85.010514,19.672069,"Semnopithecus entellus (Dufresne, 1797)",2025.0,10.0,5.0,2436564,50c9509d-22c7-4a22-a47d-8c48425ef4a7
75.446247,20.409441,"Semnopithecus entellus (Dufresne, 1797)",2025.0,10.0,23.0,2436564,50c9509d-22c7-4a22-a47d-8c48425ef4a7
76.553287,25.977587,"Semnopithecus entellus (Dufresne, 1797)",2025.0,10.0,1.0,2436564,50c9509d-22c7-4a22-a47d-8c48425ef4a7
81.101286,21.981864,"Semnopithecus entellus (Dufresne, 1797)",2025.0,10.0,21.0,2436564,50c9509d-22c7-4a22-a47d-8c48425ef4a7
76.43957,25.982268,"Semnopithecus entellus (Dufresne, 1797)",2025.0,10.0,31.0,2436564,50c9509d-22c7-4a22-a47d-8c48425ef4a7
84.986955,24.696134,"Semnopithecus entellus (Dufresne, 1797)",2025.0,10.0,23.0,2436564,50c9509d-22c7-4a22-a47d-8c48425ef4a7
79.376457,21.668715,"Semnopithecus entellus (Dufresne, 1797)",2025.0,10.0,31.0,2436564,50c9509d-22c7-4a22-a47d-8c48425ef4a7
80.429594,22.350993,"Semnopithecus entellus (Dufresne, 1797)",2025.0,11.0,4.0,2436564,50c9509d-22c7-4a22-a47d-8c48425ef4a7
77.193925,28.553897,"Semnopithecus entellus (Dufresne, 1797)",2025.0,11.0,5.0,2436564,50c9509d-22c7-4a22-a47d-8c48425ef4a7
78.707217,20.860112,"Semnopithecus entellus (Dufresne, 1797)",2025.0,11.0,6.0,2436564,50c9509d-22c7-4a22-a47d-8c48425ef4a7
72.997628,21.743053,"Semnopithecus entellus (Dufresne, 1797)",2025.0,11.0,5.0,2436564,50c9509d-22c7-4a22-a47d-8c48425ef4a7
77.801877,20.938702,"Semnopithecus entellus (Dufresne, 1797)",2025.0,11.0,1.0,2436564,50c9509d-22c7-4a22-a47d-8c48425ef4a7
70.500895,21.537072,"Semnopithecus entellus (Dufresne, 1797)",2025.0,11.0,5.0,2436564,50c9509d-22c7-4a22-a47d-8c48425ef4a7
70.500938,21.536985,"Semnopithecus entellus (Dufresne, 1797)",2025.0,11.0,5.0,2436564,50c9509d-22c7-4a22-a47d-8c48425ef4a7
70.567441,21.223288,"Semnopithecus entellus (Dufresne, 1797)",2025.0,11.0,12.0,2436564,50c9509d-22c7-4a22-a47d-8c48425ef4a7
72.534176,23.024639,"Semnopithecus entellus (Dufresne, 1797)",2024.0,1.0,5.0,2436564,50c9509d-22c7-4a22-a47d-8c48425ef4a7
86.984931,23.392119,"Semnopithecus entellus (Dufresne, 1797)",2024.0,1.0,7.0,2436564,50c9509d-22c7-4a22-a47d-8c48425ef4a7
76.391153,25.934383,"Semnopithecus entellus (Dufresne, 1797)",2024.0,1.0,23.0,2436564,50c9509d-22c7-4a22-a47d-8c48425ef4a7
80.635088,22.284269,"Semnopithecus entellus (Dufresne, 1797)",2024.0,1.0,8.0,2436564,50c9509d-22c7-4a22-a47d-8c48425ef4a7
72.888617,19.220549,"Semnopithecus entellus (Dufresne, 1797)",2024.0,1.0,9.0,2436564,50c9509d-22c7-4a22-a47d-8c48425ef4a7
76.502574,26.017327,"Semnopithecus entellus (Dufresne, 1797)",2024.0,1.0,19.0,2436564,50c9509d-22c7-4a22-a47d-8c48425ef4a7
80.624297,22.290674,"Semnopithecus entellus (Dufresne, 1797)",2024.0,1.0,10.0,2436564,50c9509d-22c7-4a22-a47d-8c48425ef4a7
82.236613,22.788937,"Semnopithecus entellus (Dufresne, 1797)",2024.0,1.0,21.0,2436564,50c9509d-22c7-4a22-a47d-8c48425ef4a7
85.825786,20.404225,"Semnopithecus entellus (Dufresne, 1797)",2024.0,1.0,26.0,2436564,50c9509d-22c7-4a22-a47d-8c48425ef4a7
81.019801,23.721582,"Semnopithecus entellus (Dufresne, 1797)",2024.0,1.0,21.0,2436564,50c9509d-22c7-4a22-a47d-8c48425ef4a7
79.387571,20.271789,"Semnopithecus entellus (Dufresne, 1797)",2024.0,1.0,19.0,2436564,50c9509d-22c7-4a22-a47d-8c48425ef4a7
70.724412,21.015397,"Semnopithecus entellus (Dufresne, 1797)",2024.0,1.0,31.0,2436564,50c9509d-22c7-4a22-a47d-8c48425ef4a7
76.460024,15.335013,"Semnopithecus entellus (Dufresne, 1797)",2024.0,1.0,5.0,2436564,c6b86c40-ff71-4e5e-902c-111f400d0d56
88.129937,23.640378,"Semnopithecus entellus (Dufresne, 1797)",2024.0,1.0,11.0,2436564,c6b86c40-ff71-4e5e-902c-111f400d0d56
80.5922,22.2133,"Semnopithecus entellus (Dufresne, 1797)",2024.0,1.0,9.0,2436564,50c9509d-22c7-4a22-a47d-8c48425ef4a7
75.957723,27.850473,"Semnopithecus entellus (Dufresne, 1797)",2024.0,1.0,6.0,2436564,50c9509d-22c7-4a22-a47d-8c48425ef4a7
85.808214,20.392119,"Semnopithecus entellus (Dufresne, 1797)",2024.0,1.0,26.0,2436564,50c9509d-22c7-4a22-a47d-8c48425ef4a7
79.387571,20.271789,"Semnopithecus entellus (Dufresne, 1797)",2024.0,1.0,18.0,2436564,50c9509d-22c7-4a22-a47d-8c48425ef4a7
85.047181,24.737,"Semnopithecus entellus (Dufresne, 1797)",2024.0,1.0,19.0,2436564,50c9509d-22c7-4a22-a47d-8c48425ef4a7
76.375611,27.392131,"Semnopithecus entellus (Dufresne, 1797)",2024.0,1.0,1.0,2436564,50c9509d-22c7-4a22-a47d-8c48425ef4a7
79.923148,24.850999,"Semnopithecus entellus (Dufresne, 1797)",2024.0,1.0,3.0,2436564,50c9509d-22c7-4a22-a47d-8c48425ef4a7
81.039902,23.828739,"Semnopithecus entellus (Dufresne, 1797)",2024.0,1.0,5.0,2436564,50c9509d-22c7-4a22-a47d-8c48425ef4a7
77.260148,28.492972,"Semnopithecus entellus (Dufresne, 1797)",2024.0,1.0,7.0,2436564,50c9509d-22c7-4a22-a47d-8c48425ef4a7
80.663893,22.297214,"Semnopithecus entellus (Dufresne, 1797)",2024.0,1.0,10.0,2436564,50c9509d-22c7-4a22-a47d-8c48425ef4a7
80.521439,22.308531,"Semnopithecus entellus (Dufresne, 1797)",2024.0,1.0,10.0,2436564,50c9509d-22c7-4a22-a47d-8c48425ef4a7
80.558,22.3006,"Semnopithecus entellus (Dufresne, 1797)",2024.0,1.0,9.0,2436564,50c9509d-22c7-4a22-a47d-8c48425ef4a7
72.392839,23.140134,"Semnopithecus entellus (Dufresne, 1797)",2024.0,1.0,21.0,2436564,50c9509d-22c7-4a22-a47d-8c48425ef4a7
86.096301,19.8887,"Semnopithecus entellus (Dufresne, 1797)",2024.0,1.0,30.0,2436564,50c9509d-22c7-4a22-a47d-8c48425ef4a7
80.524702,22.237436,"Semnopithecus entellus (Dufresne, 1797)",2024.0,1.0,24.0,2436564,50c9509d-22c7-4a22-a47d-8c48425ef4a7
72.653744,23.193023,"Semnopithecus entellus (Dufresne, 1797)",2024.0,2.0,1.0,2436564,50c9509d-22c7-4a22-a47d-8c48425ef4a7
74.575117,26.483361,"Semnopithecus entellus (Dufresne, 1797)",2024.0,2.0,1.0,2436564,50c9509d-22c7-4a22-a47d-8c48425ef4a7
81.960677,20.933847,"Semnopithecus entellus (Dufresne, 1797)",2024.0,2.0,8.0,2436564,50c9509d-22c7-4a22-a47d-8c48425ef4a7
75.844792,26.981605,"Semnopithecus entellus (Dufresne, 1797)",2024.0,2.0,10.0,2436564,50c9509d-22c7-4a22-a47d-8c48425ef4a7
72.588812,23.023193,"Semnopithecus entellus (Dufresne, 1797)",2024.0,2.0,5.0,2436564,50c9509d-22c7-4a22-a47d-8c48425ef4a7
76.355373,27.253708,"Semnopithecus entellus (Dufresne, 1797)",2024.0,2.0,7.0,2436564,50c9509d-22c7-4a22-a47d-8c48425ef4a7
72.580864,23.059793,"Semnopithecus entellus (Dufresne, 1797)",2024.0,2.0,3.0,2436564,50c9509d-22c7-4a22-a47d-8c48425ef4a7
76.408069,27.312336,"Semnopithecus entellus (Dufresne, 1797)",2024.0,2.0,8.0,2436564,50c9509d-22c7-4a22-a47d-8c48425ef4a7
76.45497,26.020755,"Semnopithecus entellus (Dufresne, 1797)",2024.0,2.0,21.0,2436564,50c9509d-22c7-4a22-a47d-8c48425ef4a7
75.84518,26.982478,"Semnopithecus entellus (Dufresne, 1797)",2024.0,2.0,9.0,2436564,50c9509d-22c7-4a22-a47d-8c48425ef4a7
75.844697,26.980905,"Semnopithecus entellus (Dufresne, 1797)",2024.0,2.0,9.0,2436564,50c9509d-22c7-4a22-a47d-8c48425ef4a7
72.580793,23.059819,"Semnopithecus entellus (Dufresne, 1797)",2024.0,2.0,3.0,2436564,50c9509d-22c7-4a22-a47d-8c48425ef4a7
76.42002,26.0476,"Semnopithecus entellus (Dufresne, 1797)",2024.0,2.0,10.0,2436564,50c9509d-22c7-4a22-a47d-8c48425ef4a7
72.569698,23.013421,"Semnopithecus entellus (Dufresne, 1797)",2024.0,2.0,3.0,2436564,50c9509d-22c7-4a22-a47d-8c48425ef4a7
76.453045,26.019965,"Semnopithecus entellus (Dufresne, 1797)",2024.0,2.0,10.0,2436564,50c9509d-22c7-4a22-a47d-8c48425ef4a7
76.431392,26.043121,"Semnopithecus entellus (Dufresne, 1797)",2024.0,2.0,10.0,2436564,50c9509d-22c7-4a22-a47d-8c48425ef4a7
76.455593,26.023005,"Semnopithecus entellus (Dufresne, 1797)",2024.0,2.0,10.0,2436564,50c9509d-22c7-4a22-a47d-8c48425ef4a7
74.036569,15.213424,"Semnopithecus hypoleucos Blyth, 1841",2025.0,1.0,4.0,4267224,50c9509d-22c7-4a22-a47d-8c48425ef4a7
73.698807,15.713488,"Semnopithecus hypoleucos Blyth, 1841",2025.0,1.0,20.0,4267224,50c9509d-22c7-4a22-a47d-8c48425ef4a7
74.629404,15.265619,"Semnopithecus hypoleucos Blyth, 1841",2025.0,1.0,27.0,4267224,50c9509d-22c7-4a22-a47d-8c48425ef4a7
75.570757,21.040982,"Semnopithecus hypoleucos Blyth, 1841",2025.0,1.0,27.0,4267224,50c9509d-22c7-4a22-a47d-8c48425ef4a7
75.570757,21.040982,"Semnopithecus hypoleucos Blyth, 1841",2025.0,1.0,27.0,4267224,50c9509d-22c7-4a22-a47d-8c48425ef4a7
76.153544,11.932612,"Semnopithecus hypoleucos Blyth, 1841",2025.0,1.0,12.0,4267224,50c9509d-22c7-4a22-a47d-8c48425ef4a7
76.151082,12.073437,"Semnopithecus hypoleucos Blyth, 1841",2025.0,1.0,10.0,4267224,50c9509d-22c7-4a22-a47d-8c48425ef4a7
73.808461,17.931617,"Semnopithecus hypoleucos Blyth, 1841",2025.0,2.0,7.0,4267224,50c9509d-22c7-4a22-a47d-8c48425ef4a7
73.767643,18.380279,"Semnopithecus hypoleucos Blyth, 1841",2025.0,2.0,9.0,4267224,50c9509d-22c7-4a22-a47d-8c48425ef4a7
72.830906,19.108213,"Semnopithecus hypoleucos Blyth, 1841",2025.0,2.0,26.0,4267224,50c9509d-22c7-4a22-a47d-8c48425ef4a7
73.720212,15.712585,"Semnopithecus hypoleucos Blyth, 1841",2025.0,2.0,8.0,4267224,50c9509d-22c7-4a22-a47d-8c48425ef4a7
73.693745,15.723208,"Semnopithecus hypoleucos Blyth, 1841",2025.0,2.0,7.0,4267224,50c9509d-22c7-4a22-a47d-8c48425ef4a7
73.69417,15.72453,"Semnopithecus hypoleucos Blyth, 1841",2025.0,2.0,15.0,4267224,50c9509d-22c7-4a22-a47d-8c48425ef4a7
73.700875,15.706755,"Semnopithecus hypoleucos Blyth, 1841",2025.0,2.0,17.0,4267224,50c9509d-22c7-4a22-a47d-8c48425ef4a7
73.692903,15.722777,"Semnopithecus hypoleucos Blyth, 1841",2025.0,2.0,7.0,4267224,50c9509d-22c7-4a22-a47d-8c48425ef4a7
73.698869,15.713217,"Semnopithecus hypoleucos Blyth, 1841",2025.0,2.0,11.0,4267224,50c9509d-22c7-4a22-a47d-8c48425ef4a7
74.786784,13.352383,"Semnopithecus hypoleucos Blyth, 1841",2025.0,3.0,26.0,4267224,50c9509d-22c7-4a22-a47d-8c48425ef4a7
76.460024,15.335013,"Semnopithecus hypoleucos Blyth, 1841",2025.0,3.0,30.0,4267224,50c9509d-22c7-4a22-a47d-8c48425ef4a7
76.460024,15.335013,"Semnopithecus hypoleucos Blyth, 1841",2025.0,3.0,30.0,4267224,50c9509d-22c7-4a22-a47d-8c48425ef4a7
74.045448,14.999842,"Semnopithecus hypoleucos Blyth, 1841",2025.0,3.0,8.0,4267224,50c9509d-22c7-4a22-a47d-8c48425ef4a7
74.009474,15.264031,"Semnopithecus hypoleucos Blyth, 1841",2025.0,3.0,29.0,4267224,50c9509d-22c7-4a22-a47d-8c48425ef4a7
73.707796,17.450779,"Semnopithecus hypoleucos Blyth, 1841",2025.0,3.0,23.0,4267224,50c9509d-22c7-4a22-a47d-8c48425ef4a7
74.252439,15.439283,"Semnopithecus hypoleucos Blyth, 1841",2025.0,3.0,6.0,4267224,50c9509d-22c7-4a22-a47d-8c48425ef4a7
72.915106,19.13306,"Semnopithecus hypoleucos Blyth, 1841",2025.0,4.0,5.0,4267224,50c9509d-22c7-4a22-a47d-8c48425ef4a7
74.103964,15.262589,"Semnopithecus hypoleucos Blyth, 1841",2025.0,4.0,27.0,4267224,50c9509d-22c7-4a22-a47d-8c48425ef4a7
74.216152,16.694951,"Semnopithecus hypoleucos Blyth, 1841",2025.0,4.0,28.0,4267224,50c9509d-22c7-4a22-a47d-8c48425ef4a7
74.036373,15.216362,"Semnopithecus hypoleucos Blyth, 1841",2025.0,4.0,6.0,4267224,50c9509d-22c7-4a22-a47d-8c48425ef4a7
72.913764,19.129944,"Semnopithecus hypoleucos Blyth, 1841",2025.0,5.0,3.0,4267224,50c9509d-22c7-4a22-a47d-8c48425ef4a7
75.090315,13.502664,"Semnopithecus hypoleucos Blyth, 1841",2025.0,5.0,31.0,4267224,50c9509d-22c7-4a22-a47d-8c48425ef4a7
73.952676,15.190557,"Semnopithecus hypoleucos Blyth, 1841",2025.0,6.0,16.0,4267224,50c9509d-22c7-4a22-a47d-8c48425ef4a7
75.090506,13.503413,"Semnopithecus hypoleucos Blyth, 1841",2025.0,6.0,1.0,4267224,50c9509d-22c7-4a22-a47d-8c48425ef4a7
73.270958,18.993886,"Semnopithecus hypoleucos Blyth, 1841",2025.0,6.0,29.0,4267224,50c9509d-22c7-4a22-a47d-8c48425ef4a7
73.963848,15.937336,"Semnopithecus hypoleucos Blyth, 1841",2025.0,7.0,6.0,4267224,50c9509d-22c7-4a22-a47d-8c48425ef4a7
73.580723,18.235167,"Semnopithecus hypoleucos Blyth, 1841",2025.0,7.0,13.0,4267224,50c9509d-22c7-4a22-a47d-8c48425ef4a7
74.175801,15.463969,"Semnopithecus hypoleucos Blyth, 1841",2025.0,7.0,9.0,4267224,50c9509d-22c7-4a22-a47d-8c48425ef4a7
72.966817,19.008392,"Semnopithecus hypoleucos Blyth, 1841",2025.0,7.0,19.0,4267224,50c9509d-22c7-4a22-a47d-8c48425ef4a7
72.926378,19.007227,"Semnopithecus hypoleucos Blyth, 1841",2025.0,7.0,19.0,4267224,50c9509d-22c7-4a22-a47d-8c48425ef4a7
72.852524,19.004073,"Semnopithecus hypoleucos Blyth, 1841",2025.0,7.0,19.0,4267224,50c9509d-22c7-4a22-a47d-8c48425ef4a7
75.041862,20.350888,"Semnopithecus hypoleucos Blyth, 1841",2025.0,7.0,25.0,4267224,50c9509d-22c7-4a22-a47d-8c48425ef4a7
75.041862,20.350888,"Semnopithecus hypoleucos Blyth, 1841",2025.0,7.0,25.0,4267224,50c9509d-22c7-4a22-a47d-8c48425ef4a7
75.130804,20.303672,"Semnopithecus hypoleucos Blyth, 1841",2025.0,7.0,25.0,4267224,50c9509d-22c7-4a22-a47d-8c48425ef4a7
76.741403,11.38491,"Semnopithecus hypoleucos Blyth, 1841",2025.0,7.0,13.0,4267224,50c9509d-22c7-4a22-a47d-8c48425ef4a7
73.754691,18.365189,"Semnopithecus hypoleucos Blyth, 1841",2025.0,8.0,8.0,4267224,50c9509d-22c7-4a22-a47d-8c48425ef4a7
73.969878,18.28858,"Semnopithecus hypoleucos Blyth, 1841",2025.0,8.0,23.0,4267224,50c9509d-22c7-4a22-a47d-8c48425ef4a7
73.774552,19.340625,"Semnopithecus hypoleucos Blyth, 1841",2025.0,8.0,9.0,4267224,50c9509d-22c7-4a22-a47d-8c48425ef4a7
74.732563,15.314712,"Semnopithecus hypoleucos Blyth, 1841",2025.0,8.0,16.0,4267224,50c9509d-22c7-4a22-a47d-8c48425ef4a7
74.036851,15.213312,"Semnopithecus hypoleucos Blyth, 1841",2025.0,8.0,30.0,4267224,50c9509d-22c7-4a22-a47d-8c48425ef4a7
76.174804,12.032044,"Semnopithecus hypoleucos Blyth, 1841",2025.0,8.0,2.0,4267224,50c9509d-22c7-4a22-a47d-8c48425ef4a7
74.34613,15.455832,"Semnopithecus hypoleucos Blyth, 1841",2025.0,8.0,10.0,4267224,50c9509d-22c7-4a22-a47d-8c48425ef4a7
74.388626,16.514473,"Semnopithecus hypoleucos Blyth, 1841",2025.0,8.0,15.0,4267224,50c9509d-22c7-4a22-a47d-8c48425ef4a7
76.459447,15.335074,"Semnopithecus hypoleucos Blyth, 1841",2025.0,8.0,12.0,4267224,50c9509d-22c7-4a22-a47d-8c48425ef4a7
76.143828,12.117478,"Semnopithecus hypoleucos Blyth, 1841",2025.0,9.0,12.0,4267224,50c9509d-22c7-4a22-a47d-8c48425ef4a7
75.387005,19.994669,"Semnopithecus hypoleucos Blyth, 1841",2025.0,9.0,4.0,4267224,50c9509d-22c7-4a22-a47d-8c48425ef4a7
75.387005,19.994669,"Semnopithecus hypoleucos Blyth, 1841",2025.0,9.0,4.0,4267224,50c9509d-22c7-4a22-a47d-8c48425ef4a7
75.387005,19.994669,"Semnopithecus hypoleucos Blyth, 1841",2025.0,9.0,4.0,4267224,50c9509d-22c7-4a22-a47d-8c48425ef4a7
76.071346,11.895491,"Semnopithecus hypoleucos Blyth, 1841",2025.0,9.0,5.0,4267224,50c9509d-22c7-4a22-a47d-8c48425ef4a7
75.387005,19.994669,"Semnopithecus hypoleucos Blyth, 1841",2025.0,9.0,4.0,4267224,50c9509d-22c7-4a22-a47d-8c48425ef4a7
74.149029,18.504495,"Semnopithecus hypoleucos Blyth, 1841",2025.0,9.0,12.0,4267224,50c9509d-22c7-4a22-a47d-8c48425ef4a7
75.281828,13.132733,"Semnopithecus hypoleucos Blyth, 1841",2025.0,9.0,18.0,4267224,50c9509d-22c7-4a22-a47d-8c48425ef4a7
74.386027,15.00964,"Semnopithecus hypoleucos Blyth, 1841",2025.0,9.0,17.0,4267224,50c9509d-22c7-4a22-a47d-8c48425ef4a7
76.420412,15.340613,"Semnopithecus hypoleucos Blyth, 1841",2025.0,10.0,13.0,4267224,50c9509d-22c7-4a22-a47d-8c48425ef4a7
72.915106,19.13306,"Semnopithecus hypoleucos Blyth, 1841",2025.0,10.0,12.0,4267224,50c9509d-22c7-4a22-a47d-8c48425ef4a7
73.767378,18.592275,"Semnopithecus hypoleucos Blyth, 1841",2025.0,10.0,25.0,4267224,50c9509d-22c7-4a22-a47d-8c48425ef4a7
76.411504,15.233288,"Semnopithecus hypoleucos Blyth, 1841",2025.0,10.0,29.0,4267224,50c9509d-22c7-4a22-a47d-8c48425ef4a7
74.449738,14.215917,"Semnopithecus hypoleucos Blyth, 1841",2025.0,11.0,7.0,4267224,50c9509d-22c7-4a22-a47d-8c48425ef4a7
73.973763,15.05795,"Semnopithecus hypoleucos Blyth, 1841",2025.0,11.0,19.0,4267224,50c9509d-22c7-4a22-a47d-8c48425ef4a7
74.484748,14.511634,"Semnopithecus hypoleucos Blyth, 1841",2024.0,1.0,8.0,4267224,50c9509d-22c7-4a22-a47d-8c48425ef4a7
76.460545,15.335646,"Semnopithecus hypoleucos Blyth, 1841",2024.0,1.0,9.0,4267224,50c9509d-22c7-4a22-a47d-8c48425ef4a7
72.891806,19.212312,"Semnopithecus hypoleucos Blyth, 1841",2024.0,1.0,9.0,4267224,50c9509d-22c7-4a22-a47d-8c48425ef4a7
76.181301,12.021059,"Semnopithecus hypoleucos Blyth, 1841",2024.0,1.0,11.0,4267224,50c9509d-22c7-4a22-a47d-8c48425ef4a7
76.181301,12.021059,"Semnopithecus hypoleucos Blyth, 1841",2024.0,1.0,11.0,4267224,50c9509d-22c7-4a22-a47d-8c48425ef4a7
76.181301,12.021059,"Semnopithecus hypoleucos Blyth, 1841",2024.0,1.0,12.0,4267224,50c9509d-22c7-4a22-a47d-8c48425ef4a7
76.587784,11.620606,"Semnopithecus hypoleucos Blyth, 1841",2024.0,1.0,21.0,4267224,50c9509d-22c7-4a22-a47d-8c48425ef4a7
75.664901,13.662421,"Semnopithecus hypoleucos Blyth, 1841",2024.0,2.0,14.0,4267224,50c9509d-22c7-4a22-a47d-8c48425ef4a7
73.687103,15.723005,"Semnopithecus hypoleucos Blyth, 1841",2024.0,2.0,4.0,4267224,50c9509d-22c7-4a22-a47d-8c48425ef4a7
73.696953,15.715318,"Semnopithecus hypoleucos Blyth, 1841",2024.0,2.0,11.0,4267224,50c9509d-22c7-4a22-a47d-8c48425ef4a7
73.68414,15.726415,"Semnopithecus hypoleucos Blyth, 1841",2024.0,2.0,10.0,4267224,50c9509d-22c7-4a22-a47d-8c48425ef4a7
73.677357,15.728302,"Semnopithecus hypoleucos Blyth, 1841",2024.0,2.0,12.0,4267224,50c9509d-22c7-4a22-a47d-8c48425ef4a7
73.665877,15.754156,"Semnopithecus hypoleucos Blyth, 1841",2024.0,2.0,14.0,4267224,50c9509d-22c7-4a22-a47d-8c48425ef4a7
73.711853,15.737943,"Semnopithecus hypoleucos Blyth, 1841",2024.0,2.0,15.0,4267224,50c9509d-22c7-4a22-a47d-8c48425ef4a7
73.664656,15.752173,"Semnopithecus hypoleucos Blyth, 1841",2024.0,2.0,16.0,4267224,50c9509d-22c7-4a22-a47d-8c48425ef4a7
72.912842,19.220453,"Semnopithecus hypoleucos Blyth, 1841",2024.0,2.0,29.0,4267224,50c9509d-22c7-4a22-a47d-8c48425ef4a7
74.617282,15.236119,"Semnopithecus hypoleucos Blyth, 1841",2024.0,2.0,23.0,4267224,50c9509d-22c7-4a22-a47d-8c48425ef4a7
74.617282,15.236119,"Semnopithecus hypoleucos Blyth, 1841",2024.0,2.0,23.0,4267224,50c9509d-22c7-4a22-a47d-8c48425ef4a7
74.617282,15.236119,"Semnopithecus hypoleucos Blyth, 1841",2024.0,2.0,23.0,4267224,50c9509d-22c7-4a22-a47d-8c48425ef4a7
77.032128,14.292705,"Semnopithecus hypoleucos Blyth, 1841",2024.0,3.0,1.0,4267224,50c9509d-22c7-4a22-a47d-8c48425ef4a7
73.509939,15.939948,"Semnopithecus hypoleucos Blyth, 1841",2024.0,3.0,22.0,4267224,50c9509d-22c7-4a22-a47d-8c48425ef4a7
73.509939,15.939948,"Semnopithecus hypoleucos Blyth, 1841",2024.0,3.0,22.0,4267224,50c9509d-22c7-4a22-a47d-8c48425ef4a7
74.982744,15.490827,"Semnopithecus hypoleucos Blyth, 1841",2024.0,3.0,24.0,4267224,50c9509d-22c7-4a22-a47d-8c48425ef4a7
78.44109,19.916191,"Semnopithecus hypoleucos Blyth, 1841",2024.0,3.0,21.0,4267224,c6b86c40-ff71-4e5e-902c-111f400d0d56
76.153544,11.932612,"Semnopithecus hypoleucos Blyth, 1841",2024.0,4.0,10.0,4267224,50c9509d-22c7-4a22-a47d-8c48425ef4a7
74.452326,16.795891,"Semnopithecus hypoleucos Blyth, 1841",2024.0,4.0,28.0,4267224,50c9509d-22c7-4a22-a47d-8c48425ef4a7
74.000457,17.683648,"Semnopithecus hypoleucos Blyth, 1841",2024.0,4.0,26.0,4267224,50c9509d-22c7-4a22-a47d-8c48425ef4a7
75.004614,15.413103,"Semnopithecus hypoleucos Blyth, 1841",2024.0,4.0,26.0,4267224,50c9509d-22c7-4a22-a47d-8c48425ef4a7
75.004614,15.413103,"Semnopithecus hypoleucos Blyth, 1841",2024.0,4.0,26.0,4267224,50c9509d-22c7-4a22-a47d-8c48425ef4a7
74.158167,16.771345,"Semnopithecus hypoleucos Blyth, 1841",2024.0,4.0,28.0,4267224,50c9509d-22c7-4a22-a47d-8c48425ef4a7
73.998271,17.681256,"Semnopithecus hypoleucos Blyth, 1841",2024.0,4.0,25.0,4267224,c6b86c40-ff71-4e5e-902c-111f400d0d56
76.23984,11.976858,"Semnopithecus hypoleucos Blyth, 1841",2024.0,4.0,28.0,4267224,50c9509d-22c7-4a22-a47d-8c48425ef4a7
73.102869,17.813255,"Semnopithecus hypoleucos Blyth, 1841",2024.0,5.0,15.0,4267224,50c9509d-22c7-4a22-a47d-8c48425ef4a7
73.099594,17.815895,"Semnopithecus hypoleucos Blyth, 1841",2024.0,5.0,13.0,4267224,50c9509d-22c7-4a22-a47d-8c48425ef4a7
76.151082,12.073341,"Semnopithecus hypoleucos Blyth, 1841",2024.0,5.0,21.0,4267224,50c9509d-22c7-4a22-a47d-8c48425ef4a7
74.510952,16.664671,"Semnopithecus hypoleucos Blyth, 1841",2024.0,5.0,19.0,4267224,50c9509d-22c7-4a22-a47d-8c48425ef4a7
76.200083,11.980148,"Semnopithecus hypoleucos Blyth, 1841",2024.0,5.0,26.0,4267224,50c9509d-22c7-4a22-a47d-8c48425ef4a7
72.906211,19.206848,"Semnopithecus hypoleucos Blyth, 1841",2024.0,5.0,5.0,4267224,50c9509d-22c7-4a22-a47d-8c48425ef4a7
75.080086,13.49783,"Semnopithecus hypoleucos Blyth, 1841",2024.0,6.0,16.0,4267224,50c9509d-22c7-4a22-a47d-8c48425ef4a7
73.325626,19.002642,"Semnopithecus hypoleucos Blyth, 1841",2024.0,6.0,26.0,4267224,50c9509d-22c7-4a22-a47d-8c48425ef4a7
74.95099,14.433347,"Semnopithecus hypoleucos Blyth, 1841",2024.0,6.0,24.0,4267224,50c9509d-22c7-4a22-a47d-8c48425ef4a7
74.695601,14.950895,"Semnopithecus hypoleucos Blyth, 1841",2024.0,6.0,22.0,4267224,50c9509d-22c7-4a22-a47d-8c48425ef4a7
76.5523,11.765455,"Semnopithecus hypoleucos Blyth, 1841",2024.0,6.0,10.0,4267224,50c9509d-22c7-4a22-a47d-8c48425ef4a7
76.674598,11.600944,"Semnopithecus hypoleucos Blyth, 1841",2024.0,8.0,24.0,4267224,50c9509d-22c7-4a22-a47d-8c48425ef4a7
74.04556,15.815175,"Semnopithecus hypoleucos Blyth, 1841",2024.0,9.0,18.0,4267224,50c9509d-22c7-4a22-a47d-8c48425ef4a7
73.791123,19.34134,"Semnopithecus hypoleucos Blyth, 1841",2024.0,9.0,22.0,4267224,50c9509d-22c7-4a22-a47d-8c48425ef4a7
73.270651,18.988997,"Semnopithecus hypoleucos Blyth, 1841",2024.0,9.0,1.0,4267224,50c9509d-22c7-4a22-a47d-8c48425ef4a7
73.990622,15.030478,"Semnopithecus hypoleucos Blyth, 1841",2024.0,10.0,15.0,4267224,50c9509d-22c7-4a22-a47d-8c48425ef4a7
76.151082,12.073437,"Semnopithecus hypoleucos Blyth, 1841",2024.0,11.0,23.0,4267224,50c9509d-22c7-4a22-a47d-8c48425ef4a7
75.526214,20.918642,"Semnopithecus hypoleucos Blyth, 1841",2024.0,11.0,4.0,4267224,50c9509d-22c7-4a22-a47d-8c48425ef4a7
76.807437,11.263763,"Semnopithecus hypoleucos Blyth, 1841",2024.0,11.0,23.0,4267224,50c9509d-22c7-4a22-a47d-8c48425ef4a7
72.95257,19.236496,"Semnopithecus hypoleucos Blyth, 1841",2024.0,12.0,31.0,4267224,50c9509d-22c7-4a22-a47d-8c48425ef4a7
73.698608,15.713283,"Semnopithecus hypoleucos Blyth, 1841",2024.0,12.0,3.0,4267224,50c9509d-22c7-4a22-a47d-8c48425ef4a7
73.699048,15.713957,"Semnopithecus hypoleucos Blyth, 1841",2024.0,12.0,6.0,4267224,50c9509d-22c7-4a22-a47d-8c48425ef4a7
73.698828,15.713493,"Semnopithecus hypoleucos Blyth, 1841",2024.0,12.0,19.0,4267224,50c9509d-22c7-4a22-a47d-8c48425ef4a7
73.69888,15.713578,"Semnopithecus hypoleucos Blyth, 1841",2024.0,12.0,19.0,4267224,50c9509d-22c7-4a22-a47d-8c48425ef4a7
76.151082,12.073437,"Semnopithecus hypoleucos Blyth, 1841",2024.0,12.0,29.0,4267224,50c9509d-22c7-4a22-a47d-8c48425ef4a7
73.95491,15.551701,"Semnopithecus hypoleucos Blyth, 1841",2024.0,12.0,5.0,4267224,50c9509d-22c7-4a22-a47d-8c48425ef4a7
76.15314,12.048533,"Semnopithecus hypoleucos Blyth, 1841",2023.0,1.0,4.0,4267224,50c9509d-22c7-4a22-a47d-8c48425ef4a7
76.103307,12.020929,"Semnopithecus hypoleucos Blyth, 1841",2023.0,1.0,13.0,4267224,50c9509d-22c7-4a22-a47d-8c48425ef4a7
74.106169,15.432979,"Semnopithecus hypoleucos Blyth, 1841",2023.0,1.0,28.0,4267224,50c9509d-22c7-4a22-a47d-8c48425ef4a7
73.889598,15.358475,"Semnopithecus hypoleucos Blyth, 1841",2023.0,2.0,15.0,4267224,50c9509d-22c7-4a22-a47d-8c48425ef4a7
76.458766,15.335085,"Semnopithecus hypoleucos Blyth, 1841",2023.0,2.0,24.0,4267224,50c9509d-22c7-4a22-a47d-8c48425ef4a7
72.912842,19.220453,"Semnopithecus hypoleucos Blyth, 1841",2023.0,2.0,3.0,4267224,50c9509d-22c7-4a22-a47d-8c48425ef4a7
75.655302,12.932079,"Semnopithecus hypoleucos Blyth, 1841",2023.0,2.0,6.0,4267224,5118b71e-6eb2-45c7-a52d-a4d61a5b9dc0
73.769228,18.594947,"Semnopithecus hypoleucos Blyth, 1841",2023.0,3.0,11.0,4267224,50c9509d-22c7-4a22-a47d-8c48425ef4a7
73.671052,17.926774,"Semnopithecus hypoleucos Blyth, 1841",2023.0,3.0,15.0,4267224,50c9509d-22c7-4a22-a47d-8c48425ef4a7
72.889536,19.215057,"Semnopithecus hypoleucos Blyth, 1841",2023.0,3.0,17.0,4267224,50c9509d-22c7-4a22-a47d-8c48425ef4a7
74.471813,16.257562,"Semnopithecus hypoleucos Blyth, 1841",2023.0,3.0,21.0,4267224,50c9509d-22c7-4a22-a47d-8c48425ef4a7
76.219903,11.984947,"Semnopithecus hypoleucos Blyth, 1841",2023.0,3.0,14.0,4267224,50c9509d-22c7-4a22-a47d-8c48425ef4a7
72.852106,19.205381,"Semnopithecus hypoleucos Blyth, 1841",2023.0,3.0,3.0,4267224,50c9509d-22c7-4a22-a47d-8c48425ef4a7
76.200284,12.007151,"Semnopithecus hypoleucos Blyth, 1841",2023.0,4.0,23.0,4267224,50c9509d-22c7-4a22-a47d-8c48425ef4a7
76.100231,12.020088,"Semnopithecus hypoleucos Blyth, 1841",2023.0,4.0,28.0,4267224,50c9509d-22c7-4a22-a47d-8c48425ef4a7
75.659554,12.911494,"Semnopithecus hypoleucos Blyth, 1841",2023.0,4.0,14.0,4267224,5118b71e-6eb2-45c7-a52d-a4d61a5b9dc0
73.506777,16.336321,"Semnopithecus hypoleucos Blyth, 1841",2023.0,5.0,18.0,4267224,50c9509d-22c7-4a22-a47d-8c48425ef4a7
76.460024,15.335013,"Semnopithecus hypoleucos Blyth, 1841",2023.0,6.0,6.0,4267224,50c9509d-22c7-4a22-a47d-8c48425ef4a7
76.369171,11.67075,"Semnopithecus hypoleucos Blyth, 1841",2023.0,6.0,24.0,4267224,50c9509d-22c7-4a22-a47d-8c48425ef4a7
73.704005,15.688381,"Semnopithecus hypoleucos Blyth, 1841",2023.0,6.0,18.0,4267224,50c9509d-22c7-4a22-a47d-8c48425ef4a7
73.703996,15.688377,"Semnopithecus hypoleucos Blyth, 1841",2023.0,6.0,18.0,4267224,50c9509d-22c7-4a22-a47d-8c48425ef4a7
74.006265,15.331598,"Semnopithecus hypoleucos Blyth, 1841",2023.0,6.0,21.0,4267224,50c9509d-22c7-4a22-a47d-8c48425ef4a7
76.675561,12.153447,"Semnopithecus hypoleucos Blyth, 1841",2023.0,7.0,28.0,4267224,c6b86c40-ff71-4e5e-902c-111f400d0d56
76.128656,11.887743,"Semnopithecus hypoleucos Blyth, 1841",2023.0,8.0,30.0,4267224,50c9509d-22c7-4a22-a47d-8c48425ef4a7
76.615183,11.662971,"Semnopithecus hypoleucos Blyth, 1841",2023.0,9.0,23.0,4267224,50c9509d-22c7-4a22-a47d-8c48425ef4a7
75.656761,12.93117,"Semnopithecus hypoleucos Blyth, 1841",2023.0,10.0,4.0,4267224,5118b71e-6eb2-45c7-a52d-a4d61a5b9dc0
73.750728,18.356503,"Semnopithecus hypoleucos Blyth, 1841",2023.0,11.0,15.0,4267224,50c9509d-22c7-4a22-a47d-8c48425ef4a7
74.61404,15.27641,"Semnopithecus hypoleucos Blyth, 1841",2023.0,11.0,25.0,4267224,50c9509d-22c7-4a22-a47d-8c48425ef4a7
74.61404,15.27641,"Semnopithecus hypoleucos Blyth, 1841",2023.0,11.0,24.0,4267224,50c9509d-22c7-4a22-a47d-8c48425ef4a7
74.289153,16.365267,"Semnopithecus hypoleucos Blyth, 1841",2023.0,11.0,13.0,4267224,50c9509d-22c7-4a22-a47d-8c48425ef4a7
74.798759,14.23038,"Semnopithecus hypoleucos Blyth, 1841",2023.0,11.0,22.0,4267224,50c9509d-22c7-4a22-a47d-8c48425ef4a7
76.385409,11.687461,"Semnopithecus hypoleucos Blyth, 1841",2023.0,11.0,19.0,4267224,50c9509d-22c7-4a22-a47d-8c48425ef4a7
73.939504,15.602693,"Semnopithecus hypoleucos Blyth, 1841",2023.0,12.0,26.0,4267224,50c9509d-22c7-4a22-a47d-8c48425ef4a7
73.734666,17.926764,"Semnopithecus hypoleucos Blyth, 1841",2023.0,12.0,24.0,4267224,50c9509d-22c7-4a22-a47d-8c48425ef4a7
75.656761,12.93117,"Semnopithecus hypoleucos Blyth, 1841",2023.0,12.0,1.0,4267224,5118b71e-6eb2-45c7-a52d-a4d61a5b9dc0
76.151082,12.073437,"Semnopithecus hypoleucos Blyth, 1841",2023.0,12.0,3.0,4267224,50c9509d-22c7-4a22-a47d-8c48425ef4a7
76.109412,11.537953,"Semnopithecus hypoleucos Blyth, 1841",2023.0,12.0,16.0,4267224,50c9509d-22c7-4a22-a47d-8c48425ef4a7
73.135882,18.289024,"Semnopithecus hypoleucos Blyth, 1841",2022.0,1.0,17.0,4267224,50c9509d-22c7-4a22-a47d-8c48425ef4a7
76.869213,11.344998,"Semnopithecus hypoleucos Blyth, 1841",2022.0,1.0,1.0,4267224,c6b86c40-ff71-4e5e-902c-111f400d0d56
76.101818,12.051037,"Semnopithecus hypoleucos Blyth, 1841",2022.0,2.0,27.0,4267224,50c9509d-22c7-4a22-a47d-8c48425ef4a7
72.89203,19.162911,"Semnopithecus hypoleucos Blyth, 1841",2022.0,3.0,21.0,4267224,c6b86c40-ff71-4e5e-902c-111f400d0d56
74.338219,15.39719,"Semnopithecus hypoleucos Blyth, 1841",2022.0,3.0,26.0,4267224,c6b86c40-ff71-4e5e-902c-111f400d0d56
72.892618,19.16321,"Semnopithecus hypoleucos Blyth, 1841",2022.0,3.0,22.0,4267224,50c9509d-22c7-4a22-a47d-8c48425ef4a7
76.368656,11.671601,"Semnopithecus hypoleucos Blyth, 1841",2022.0,3.0,11.0,4267224,50c9509d-22c7-4a22-a47d-8c48425ef4a7
76.368656,11.671601,"Semnopithecus hypoleucos Blyth, 1841",2022.0,3.0,12.0,4267224,50c9509d-22c7-4a22-a47d-8c48425ef4a7
76.16903,12.143481,"Semnopithecus hypoleucos Blyth, 1841",2022.0,4.0,17.0,4267224,50c9509d-22c7-4a22-a47d-8c48425ef4a7
76.317366,11.688683,"Semnopithecus hypoleucos Blyth, 1841",2022.0,4.0,21.0,4267224,50c9509d-22c7-4a22-a47d-8c48425ef4a7
74.617282,15.236119,"Semnopithecus hypoleucos Blyth, 1841",2022.0,4.0,24.0,4267224,50c9509d-22c7-4a22-a47d-8c48425ef4a7
76.675561,12.153447,"Semnopithecus hypoleucos Blyth, 1841",2022.0,4.0,6.0,4267224,50c9509d-22c7-4a22-a47d-8c48425ef4a7
75.79372,13.476319,"Semnopithecus hypoleucos Blyth, 1841",2022.0,5.0,22.0,4267224,50c9509d-22c7-4a22-a47d-8c48425ef4a7
75.641416,13.44296,"Semnopithecus hypoleucos Blyth, 1841",2022.0,5.0,22.0,4267224,50c9509d-22c7-4a22-a47d-8c48425ef4a7
75.670208,12.933265,"Semnopithecus hypoleucos Blyth, 1841",2022.0,6.0,16.0,4267224,5118b71e-6eb2-45c7-a52d-a4d61a5b9dc0
76.113351,12.076583,"Semnopithecus hypoleucos Blyth, 1841",2022.0,7.0,12.0,4267224,50c9509d-22c7-4a22-a47d-8c48425ef4a7
73.774552,19.340625,"Semnopithecus hypoleucos Blyth, 1841",2022.0,7.0,17.0,4267224,50c9509d-22c7-4a22-a47d-8c48425ef4a7
73.271179,18.988659,"Semnopithecus hypoleucos Blyth, 1841",2022.0,7.0,31.0,4267224,50c9509d-22c7-4a22-a47d-8c48425ef4a7
75.122229,14.706764,"Semnopithecus hypoleucos Blyth, 1841",2022.0,8.0,21.0,4267224,50c9509d-22c7-4a22-a47d-8c48425ef4a7
72.829797,18.929547,"Semnopithecus hypoleucos Blyth, 1841",2022.0,8.0,12.0,4267224,50c9509d-22c7-4a22-a47d-8c48425ef4a7
73.927361,15.106064,"Semnopithecus hypoleucos Blyth, 1841",2022.0,8.0,3.0,4267224,50c9509d-22c7-4a22-a47d-8c48425ef4a7
75.659637,12.911685,"Semnopithecus hypoleucos Blyth, 1841",2022.0,9.0,19.0,4267224,5118b71e-6eb2-45c7-a52d-a4d61a5b9dc0
73.774552,19.340625,"Semnopithecus hypoleucos Blyth, 1841",2022.0,9.0,25.0,4267224,50c9509d-22c7-4a22-a47d-8c48425ef4a7
74.29074,16.363557,"Semnopithecus hypoleucos Blyth, 1841",2022.0,10.0,25.0,4267224,50c9509d-22c7-4a22-a47d-8c48425ef4a7
74.110985,16.815071,"Semnopithecus hypoleucos Blyth, 1841",2022.0,10.0,27.0,4267224,50c9509d-22c7-4a22-a47d-8c48425ef4a7
76.212115,11.993275,"Semnopithecus hypoleucos Blyth, 1841",2022.0,11.0,3.0,4267224,50c9509d-22c7-4a22-a47d-8c48425ef4a7
74.036697,15.214025,"Semnopithecus hypoleucos Blyth, 1841",2022.0,11.0,22.0,4267224,50c9509d-22c7-4a22-a47d-8c48425ef4a7
76.015333,11.984226,"Semnopithecus hypoleucos Blyth, 1841",2022.0,12.0,13.0,4267224,50c9509d-22c7-4a22-a47d-8c48425ef4a7
74.378212,15.345002,"Semnopithecus hypoleucos Blyth, 1841",2022.0,12.0,28.0,4267224,50c9509d-22c7-4a22-a47d-8c48425ef4a7
73.980087,15.406222,"Semnopithecus hypoleucos Blyth, 1841",2022.0,12.0,29.0,4267224,50c9509d-22c7-4a22-a47d-8c48425ef4a7
73.743305,17.394843,"Semnopithecus hypoleucos Blyth, 1841",2022.0,12.0,13.0,4267224,50c9509d-22c7-4a22-a47d-8c48425ef4a7
73.743305,17.394843,"Semnopithecus hypoleucos Blyth, 1841",2022.0,12.0,13.0,4267224,50c9509d-22c7-4a22-a47d-8c48425ef4a7
73.72833,17.42777,"Semnopithecus hypoleucos Blyth, 1841",2022.0,12.0,13.0,4267224,50c9509d-22c7-4a22-a47d-8c48425ef4a7
73.743305,17.394843,"Semnopithecus hypoleucos Blyth, 1841",2022.0,12.0,13.0,4267224,50c9509d-22c7-4a22-a47d-8c48425ef4a7
73.743305,17.394843,"Semnopithecus hypoleucos Blyth, 1841",2022.0,12.0,13.0,4267224,50c9509d-22c7-4a22-a47d-8c48425ef4a7
73.270987,18.990073,"Semnopithecus hypoleucos Blyth, 1841",2021.0,1.0,31.0,4267224,50c9509d-22c7-4a22-a47d-8c48425ef4a7
73.332552,17.338935,"Semnopithecus hypoleucos Blyth, 1841",2021.0,1.0,22.0,4267224,50c9509d-22c7-4a22-a47d-8c48425ef4a7
74.318841,14.547859,"Semnopithecus hypoleucos Blyth, 1841",2021.0,1.0,22.0,4267224,50c9509d-22c7-4a22-a47d-8c48425ef4a7
74.617282,15.236119,"Semnopithecus hypoleucos Blyth, 1841",2021.0,1.0,23.0,4267224,50c9509d-22c7-4a22-a47d-8c48425ef4a7
74.318841,14.547859,"Semnopithecus hypoleucos Blyth, 1841",2021.0,1.0,19.0,4267224,50c9509d-22c7-4a22-a47d-8c48425ef4a7
76.354258,11.974177,"Semnopithecus hypoleucos Blyth, 1841",2021.0,1.0,5.0,4267224,50c9509d-22c7-4a22-a47d-8c48425ef4a7
74.486036,15.96538,"Semnopithecus hypoleucos Blyth, 1841",2021.0,3.0,12.0,4267224,50c9509d-22c7-4a22-a47d-8c48425ef4a7
75.254056,13.240222,"Semnopithecus hypoleucos Blyth, 1841",2021.0,3.0,25.0,4267224,50c9509d-22c7-4a22-a47d-8c48425ef4a7
75.250823,13.222606,"Semnopithecus hypoleucos Blyth, 1841",2021.0,4.0,1.0,4267224,50c9509d-22c7-4a22-a47d-8c48425ef4a7
76.29586,15.307468,"Semnopithecus hypoleucos Blyth, 1841",2021.0,4.0,5.0,4267224,50c9509d-22c7-4a22-a47d-8c48425ef4a7
73.52772,17.119726,"Semnopithecus hypoleucos Blyth, 1841",2021.0,6.0,15.0,4267224,50c9509d-22c7-4a22-a47d-8c48425ef4a7
72.918178,19.228809,"Semnopithecus hypoleucos Blyth, 1841",2021.0,7.0,1.0,4267224,50c9509d-22c7-4a22-a47d-8c48425ef4a7
76.120682,12.031422,"Semnopithecus hypoleucos Blyth, 1841",2021.0,10.0,5.0,4267224,50c9509d-22c7-4a22-a47d-8c48425ef4a7
74.616952,15.234005,"Semnopithecus hypoleucos Blyth, 1841",2021.0,10.0,15.0,4267224,50c9509d-22c7-4a22-a47d-8c48425ef4a7
76.414397,11.803099,"Semnopithecus hypoleucos Blyth, 1841",2021.0,11.0,24.0,4267224,50c9509d-22c7-4a22-a47d-8c48425ef4a7
76.032619,12.051759,"Semnopithecus hypoleucos Blyth, 1841",2021.0,11.0,7.0,4267224,50c9509d-22c7-4a22-a47d-8c48425ef4a7
74.812523,14.229439,"Semnopithecus hypoleucos Blyth, 1841",2021.0,11.0,27.0,4267224,50c9509d-22c7-4a22-a47d-8c48425ef4a7
74.812523,14.229439,"Semnopithecus hypoleucos Blyth, 1841",2021.0,11.0,27.0,4267224,50c9509d-22c7-4a22-a47d-8c48425ef4a7
73.054664,18.900122,"Semnopithecus hypoleucos Blyth, 1841",2021.0,12.0,4.0,4267224,50c9509d-22c7-4a22-a47d-8c48425ef4a7
74.626037,15.238807,"Semnopithecus hypoleucos Blyth, 1841",2021.0,12.0,25.0,4267224,50c9509d-22c7-4a22-a47d-8c48425ef4a7
74.6824,15.226436,"Semnopithecus hypoleucos Blyth, 1841",2021.0,12.0,25.0,4267224,50c9509d-22c7-4a22-a47d-8c48425ef4a7
73.77068,18.578891,"Semnopithecus hypoleucos Blyth, 1841",2021.0,12.0,28.0,4267224,50c9509d-22c7-4a22-a47d-8c48425ef4a7
75.88099,16.019907,"Semnopithecus hypoleucos Blyth, 1841",2020.0,1.0,1.0,4267224,50c9509d-22c7-4a22-a47d-8c48425ef4a7
72.90451,19.207058,"Semnopithecus hypoleucos Blyth, 1841",2020.0,1.0,12.0,4267224,50c9509d-22c7-4a22-a47d-8c48425ef4a7
72.892052,19.221214,"Semnopithecus hypoleucos Blyth, 1841",2020.0,1.0,12.0,4267224,50c9509d-22c7-4a22-a47d-8c48425ef4a7
74.106378,15.44011,"Semnopithecus hypoleucos Blyth, 1841",2020.0,1.0,17.0,4267224,50c9509d-22c7-4a22-a47d-8c48425ef4a7
74.59433,15.157456,"Semnopithecus hypoleucos Blyth, 1841",2020.0,1.0,15.0,4267224,50c9509d-22c7-4a22-a47d-8c48425ef4a7
75.214293,19.942311,"Semnopithecus hypoleucos Blyth, 1841",2020.0,2.0,19.0,4267224,50c9509d-22c7-4a22-a47d-8c48425ef4a7
75.215314,19.944639,"Semnopithecus hypoleucos Blyth, 1841",2020.0,2.0,19.0,4267224,50c9509d-22c7-4a22-a47d-8c48425ef4a7
76.768359,11.605496,"Semnopithecus hypoleucos Blyth, 1841",2020.0,2.0,22.0,4267224,50c9509d-22c7-4a22-a47d-8c48425ef4a7
75.716403,20.561763,"Semnopithecus hypoleucos Blyth, 1841",2020.0,2.0,20.0,4267224,50c9509d-22c7-4a22-a47d-8c48425ef4a7
75.213127,19.942862,"Semnopithecus hypoleucos Blyth, 1841",2020.0,2.0,19.0,4267224,50c9509d-22c7-4a22-a47d-8c48425ef4a7
75.214897,19.944858,"Semnopithecus hypoleucos Blyth, 1841",2020.0,2.0,19.0,4267224,50c9509d-22c7-4a22-a47d-8c48425ef4a7
75.718053,20.561466,"Semnopithecus hypoleucos Blyth, 1841",2020.0,2.0,20.0,4267224,50c9509d-22c7-4a22-a47d-8c48425ef4a7
75.716031,20.562058,"Semnopithecus hypoleucos Blyth, 1841",2020.0,2.0,20.0,4267224,50c9509d-22c7-4a22-a47d-8c48425ef4a7
75.717092,20.56261,"Semnopithecus hypoleucos Blyth, 1841",2020.0,2.0,20.0,4267224,50c9509d-22c7-4a22-a47d-8c48425ef4a7
75.715693,20.561659,"Semnopithecus hypoleucos Blyth, 1841",2020.0,2.0,20.0,4267224,50c9509d-22c7-4a22-a47d-8c48425ef4a7
75.214878,19.944863,"Semnopithecus hypoleucos Blyth, 1841",2020.0,2.0,19.0,4267224,50c9509d-22c7-4a22-a47d-8c48425ef4a7
76.583262,11.600571,"Semnopithecus dussumieri I.Geoffroy Saint-Hilaire, 1843",2020.0,2.0,2.0,4267225,8a863029-f435-446a-821e-275f4f641165
76.459666,15.333109,"Semnopithecus hypoleucos Blyth, 1841",2020.0,2.0,4.0,4267224,50c9509d-22c7-4a22-a47d-8c48425ef4a7
76.467033,15.335758,"Semnopithecus hypoleucos Blyth, 1841",2020.0,2.0,4.0,4267224,50c9509d-22c7-4a22-a47d-8c48425ef4a7
76.467025,15.335829,"Semnopithecus hypoleucos Blyth, 1841",2020.0,2.0,5.0,4267224,50c9509d-22c7-4a22-a47d-8c48425ef4a7
76.397886,15.265519,"Semnopithecus hypoleucos Blyth, 1841",2020.0,2.0,5.0,4267224,50c9509d-22c7-4a22-a47d-8c48425ef4a7
72.878392,19.228037,"Semnopithecus hypoleucos Blyth, 1841",2020.0,3.0,7.0,4267224,50c9509d-22c7-4a22-a47d-8c48425ef4a7
74.240736,16.661277,"Semnopithecus hypoleucos Blyth, 1841",2020.0,8.0,17.0,4267224,50c9509d-22c7-4a22-a47d-8c48425ef4a7
74.291328,16.362624,"Semnopithecus hypoleucos Blyth, 1841",2020.0,8.0,1.0,4267224,50c9509d-22c7-4a22-a47d-8c48425ef4a7
74.521216,15.291838,"Semnopithecus hypoleucos Blyth, 1841",2020.0,10.0,29.0,4267224,50c9509d-22c7-4a22-a47d-8c48425ef4a7
74.143158,14.832421,"Semnopithecus hypoleucos Blyth, 1841",2020.0,10.0,27.0,4267224,50c9509d-22c7-4a22-a47d-8c48425ef4a7
75.673173,12.91821,"Semnopithecus hypoleucos Blyth, 1841",2020.0,10.0,18.0,4267224,50c9509d-22c7-4a22-a47d-8c48425ef4a7
74.755831,13.338272,"Semnopithecus hypoleucos Blyth, 1841",2020.0,11.0,28.0,4267224,50c9509d-22c7-4a22-a47d-8c48425ef4a7
76.120682,12.031422,"Semnopithecus hypoleucos Blyth, 1841",2020.0,11.0,8.0,4267224,50c9509d-22c7-4a22-a47d-8c48425ef4a7
73.686633,19.297575,"Semnopithecus hypoleucos Blyth, 1841",2020.0,11.0,29.0,4267224,50c9509d-22c7-4a22-a47d-8c48425ef4a7
73.769159,18.375868,"Semnopithecus hypoleucos Blyth, 1841",2020.0,12.0,25.0,4267224,50c9509d-22c7-4a22-a47d-8c48425ef4a7
76.051308,12.042017,"Semnopithecus hypoleucos Blyth, 1841",2020.0,12.0,25.0,4267224,50c9509d-22c7-4a22-a47d-8c48425ef4a7
74.520861,15.292001,"Semnopithecus hypoleucos Blyth, 1841",2020.0,12.0,24.0,4267224,50c9509d-22c7-4a22-a47d-8c48425ef4a7
73.972976,17.682925,"Semnopithecus hypoleucos Blyth, 1841",2020.0,12.0,29.0,4267224,50c9509d-22c7-4a22-a47d-8c48425ef4a7
74.617282,15.236119,"Semnopithecus hypoleucos Blyth, 1841",2020.0,12.0,18.0,4267224,50c9509d-22c7-4a22-a47d-8c48425ef4a7
76.21516,11.9605,"Semnopithecus hypoleucos Blyth, 1841",2019.0,1.0,3.0,4267224,50c9509d-22c7-4a22-a47d-8c48425ef4a7
73.35264,18.780186,"Semnopithecus hypoleucos Blyth, 1841",2019.0,1.0,30.0,4267224,50c9509d-22c7-4a22-a47d-8c48425ef4a7
74.033808,15.352898,"Semnopithecus hypoleucos Blyth, 1841",2019.0,1.0,27.0,4267224,50c9509d-22c7-4a22-a47d-8c48425ef4a7
76.627222,11.661667,"Semnopithecus hypoleucos Blyth, 1841",2019.0,1.0,23.0,4267224,50c9509d-22c7-4a22-a47d-8c48425ef4a7
72.903303,19.219372,"Semnopithecus hypoleucos Blyth, 1841",2019.0,2.0,8.0,4267224,50c9509d-22c7-4a22-a47d-8c48425ef4a7
76.120682,12.031422,"Semnopithecus hypoleucos Blyth, 1841",2019.0,2.0,20.0,4267224,50c9509d-22c7-4a22-a47d-8c48425ef4a7
73.221642,24.999973,"Semnopithecus dussumieri I.Geoffroy Saint-Hilaire, 1843",2019.0,2.0,19.0,4267225,8a863029-f435-446a-821e-275f4f641165
75.882011,16.020668,"Semnopithecus hypoleucos Blyth, 1841",2019.0,2.0,23.0,4267224,50c9509d-22c7-4a22-a47d-8c48425ef4a7
76.119997,12.084621,"Semnopithecus hypoleucos Blyth, 1841",2019.0,3.0,1.0,4267224,50c9509d-22c7-4a22-a47d-8c48425ef4a7
72.899341,18.616341,"Semnopithecus hypoleucos Blyth, 1841",2019.0,3.0,7.0,4267224,50c9509d-22c7-4a22-a47d-8c48425ef4a7
76.181879,12.155698,"Semnopithecus hypoleucos Blyth, 1841",2019.0,3.0,2.0,4267224,50c9509d-22c7-4a22-a47d-8c48425ef4a7
73.985023,17.694765,"Semnopithecus hypoleucos Blyth, 1841",2019.0,3.0,7.0,4267224,50c9509d-22c7-4a22-a47d-8c48425ef4a7
76.117267,12.179315,"Semnopithecus hypoleucos Blyth, 1841",2019.0,3.0,2.0,4267224,50c9509d-22c7-4a22-a47d-8c48425ef4a7
76.074585,12.121052,"Semnopithecus hypoleucos Blyth, 1841",2019.0,3.0,1.0,4267224,50c9509d-22c7-4a22-a47d-8c48425ef4a7
79.350533,21.768396,"Semnopithecus dussumieri I.Geoffroy Saint-Hilaire, 1843",2019.0,3.0,7.0,4267225,8a863029-f435-446a-821e-275f4f641165
74.120049,15.650393,"Semnopithecus hypoleucos Blyth, 1841",2019.0,3.0,30.0,4267224,50c9509d-22c7-4a22-a47d-8c48425ef4a7
73.828673,15.392675,"Semnopithecus hypoleucos Blyth, 1841",2019.0,7.0,12.0,4267224,50c9509d-22c7-4a22-a47d-8c48425ef4a7
75.080894,13.495126,"Semnopithecus hypoleucos Blyth, 1841",2019.0,9.0,8.0,4267224,50c9509d-22c7-4a22-a47d-8c48425ef4a7
75.079575,13.49328,"Semnopithecus hypoleucos Blyth, 1841",2019.0,9.0,8.0,4267224,50c9509d-22c7-4a22-a47d-8c48425ef4a7
73.594737,16.03264,"Semnopithecus hypoleucos Blyth, 1841",2019.0,10.0,12.0,4267224,50c9509d-22c7-4a22-a47d-8c48425ef4a7
76.476945,15.353737,"Semnopithecus hypoleucos Blyth, 1841",2019.0,10.0,25.0,4267224,50c9509d-22c7-4a22-a47d-8c48425ef4a7
73.611376,17.879637,"Semnopithecus hypoleucos Blyth, 1841",2019.0,10.0,15.0,4267224,50c9509d-22c7-4a22-a47d-8c48425ef4a7
74.033412,15.007141,"Semnopithecus hypoleucos Blyth, 1841",2019.0,10.0,12.0,4267224,50c9509d-22c7-4a22-a47d-8c48425ef4a7
73.745154,15.596667,"Semnopithecus hypoleucos Blyth, 1841",2019.0,10.0,28.0,4267224,50c9509d-22c7-4a22-a47d-8c48425ef4a7
75.08774,13.506257,"Semnopithecus hypoleucos Blyth, 1841",2019.0,10.0,20.0,4267224,50c9509d-22c7-4a22-a47d-8c48425ef4a7
73.848511,15.456375,"Semnopithecus hypoleucos Blyth, 1841",2019.0,10.0,2.0,4267224,50c9509d-22c7-4a22-a47d-8c48425ef4a7
76.338692,20.568541,"Semnopithecus hypoleucos Blyth, 1841",2019.0,11.0,14.0,4267224,50c9509d-22c7-4a22-a47d-8c48425ef4a7
79.440336,20.19515,"Semnopithecus dussumieri I.Geoffroy Saint-Hilaire, 1843",2019.0,11.0,5.0,4267225,8a863029-f435-446a-821e-275f4f641165
79.420402,21.813048,"Semnopithecus dussumieri I.Geoffroy Saint-Hilaire, 1843",2019.0,11.0,7.0,4267225,8a863029-f435-446a-821e-275f4f641165
73.282641,18.996077,"Semnopithecus dussumieri I.Geoffroy Saint-Hilaire, 1843",2019.0,11.0,30.0,4267225,8a863029-f435-446a-821e-275f4f641165
79.420402,21.813048,"Semnopithecus dussumieri I.Geoffroy Saint-Hilaire, 1843",2019.0,11.0,8.0,4267225,8a863029-f435-446a-821e-275f4f641165
79.440336,20.19515,"Semnopithecus dussumieri I.Geoffroy Saint-Hilaire, 1843",2019.0,11.0,5.0,4267225,8a863029-f435-446a-821e-275f4f641165
74.106378,15.440111,"Semnopithecus hypoleucos Blyth, 1841",2019.0,11.0,30.0,4267224,50c9509d-22c7-4a22-a47d-8c48425ef4a7
76.258394,15.379905,"Semnopithecus hypoleucos Blyth, 1841",2019.0,12.0,21.0,4267224,50c9509d-22c7-4a22-a47d-8c48425ef4a7
73.276744,18.998648,"Semnopithecus hypoleucos Blyth, 1841",2019.0,12.0,19.0,4267224,50c9509d-22c7-4a22-a47d-8c48425ef4a7
76.377041,11.989774,"Semnopithecus hypoleucos Blyth, 1841",2019.0,12.0,29.0,4267224,50c9509d-22c7-4a22-a47d-8c48425ef4a7
76.4026,25.9523,"Semnopithecus dussumieri I.Geoffroy Saint-Hilaire, 1843",2018.0,1.0,1.0,4267225,8a863029-f435-446a-821e-275f4f641165
73.732754,15.671609,"Semnopithecus hypoleucos Blyth, 1841",2018.0,2.0,25.0,4267224,50c9509d-22c7-4a22-a47d-8c48425ef4a7
73.980405,15.289882,"Semnopithecus hypoleucos Blyth, 1841",2018.0,2.0,15.0,4267224,50c9509d-22c7-4a22-a47d-8c48425ef4a7
75.642409,13.435125,"Semnopithecus hypoleucos Blyth, 1841",2018.0,2.0,17.0,4267224,50c9509d-22c7-4a22-a47d-8c48425ef4a7
73.520438,16.66601,"Semnopithecus hypoleucos Blyth, 1841",2018.0,3.0,10.0,4267224,50c9509d-22c7-4a22-a47d-8c48425ef4a7
73.732754,15.671609,"Semnopithecus hypoleucos Blyth, 1841",2018.0,3.0,18.0,4267224,50c9509d-22c7-4a22-a47d-8c48425ef4a7
74.595843,26.50221,"Semnopithecus dussumieri I.Geoffroy Saint-Hilaire, 1843",2018.0,3.0,11.0,4267225,8a863029-f435-446a-821e-275f4f641165
76.461703,26.028902,"Semnopithecus dussumieri I.Geoffroy Saint-Hilaire, 1843",2018.0,3.0,3.0,4267225,8a863029-f435-446a-821e-275f4f641165
76.37233,26.017307,"Semnopithecus dussumieri I.Geoffroy Saint-Hilaire, 1843",2018.0,3.0,2.0,4267225,8a863029-f435-446a-821e-275f4f641165
73.686165,24.573845,"Semnopithecus dussumieri I.Geoffroy Saint-Hilaire, 1843",2018.0,3.0,8.0,4267225,8a863029-f435-446a-821e-275f4f641165
76.355445,25.981231,"Semnopithecus dussumieri I.Geoffroy Saint-Hilaire, 1843",2018.0,3.0,3.0,4267225,8a863029-f435-446a-821e-275f4f641165
79.450261,29.403647,"Semnopithecus schistaceus Hodgson, 1840",2025.0,1.0,4.0,4267220,50c9509d-22c7-4a22-a47d-8c48425ef4a7
79.063286,29.455737,"Semnopithecus schistaceus Hodgson, 1840",2025.0,1.0,27.0,4267220,50c9509d-22c7-4a22-a47d-8c48425ef4a7
90.433601,27.514162,"Semnopithecus schistaceus Hodgson, 1840",2025.0,2.0,3.0,4267220,50c9509d-22c7-4a22-a47d-8c48425ef4a7
78.095803,30.460445,"Semnopithecus schistaceus Hodgson, 1840",2025.0,2.0,2.0,4267220,50c9509d-22c7-4a22-a47d-8c48425ef4a7
78.808735,29.411764,"Semnopithecus schistaceus Hodgson, 1840",2025.0,2.0,11.0,4267220,50c9509d-22c7-4a22-a47d-8c48425ef4a7
79.414304,29.456513,"Semnopithecus schistaceus Hodgson, 1840",2025.0,2.0,20.0,4267220,50c9509d-22c7-4a22-a47d-8c48425ef4a7
78.094557,30.459832,"Semnopithecus schistaceus Hodgson, 1840",2025.0,2.0,11.0,4267220,50c9509d-22c7-4a22-a47d-8c48425ef4a7
84.409529,27.726885,"Semnopithecus schistaceus Hodgson, 1840",2025.0,2.0,26.0,4267220,50c9509d-22c7-4a22-a47d-8c48425ef4a7
86.571503,27.553083,"Semnopithecus schistaceus Hodgson, 1840",2025.0,2.0,28.0,4267220,50c9509d-22c7-4a22-a47d-8c48425ef4a7
77.106918,31.026733,"Semnopithecus schistaceus Hodgson, 1840",2025.0,2.0,27.0,4267220,50c9509d-22c7-4a22-a47d-8c48425ef4a7
79.39727,29.4627,"Semnopithecus schistaceus Hodgson, 1840",2025.0,2.0,17.0,4267220,50c9509d-22c7-4a22-a47d-8c48425ef4a7
79.142533,29.484354,"Semnopithecus schistaceus Hodgson, 1840",2025.0,2.0,21.0,4267220,50c9509d-22c7-4a22-a47d-8c48425ef4a7
79.42929,29.42101,"Semnopithecus schistaceus Hodgson, 1840",2025.0,2.0,20.0,4267220,50c9509d-22c7-4a22-a47d-8c48425ef4a7
79.429698,29.419683,"Semnopithecus schistaceus Hodgson, 1840",2025.0,2.0,20.0,4267220,50c9509d-22c7-4a22-a47d-8c48425ef4a7
79.427467,29.425365,"Semnopithecus schistaceus Hodgson, 1840",2025.0,2.0,21.0,4267220,50c9509d-22c7-4a22-a47d-8c48425ef4a7
79.408793,29.460767,"Semnopithecus schistaceus Hodgson, 1840",2025.0,2.0,25.0,4267220,50c9509d-22c7-4a22-a47d-8c48425ef4a7
79.158522,29.464986,"Semnopithecus schistaceus Hodgson, 1840",2025.0,2.0,21.0,4267220,50c9509d-22c7-4a22-a47d-8c48425ef4a7
78.9961,29.4141,"Semnopithecus schistaceus Hodgson, 1840",2025.0,2.0,22.0,4267220,50c9509d-22c7-4a22-a47d-8c48425ef4a7
77.165204,31.105931,"Semnopithecus schistaceus Hodgson, 1840",2025.0,3.0,1.0,4267220,50c9509d-22c7-4a22-a47d-8c48425ef4a7
77.164997,31.108525,"Semnopithecus schistaceus Hodgson, 1840",2025.0,3.0,1.0,4267220,50c9509d-22c7-4a22-a47d-8c48425ef4a7
79.161137,29.53724,"Semnopithecus schistaceus Hodgson, 1840",2025.0,3.0,19.0,4267220,50c9509d-22c7-4a22-a47d-8c48425ef4a7
88.40523,26.92317,"Semnopithecus schistaceus Hodgson, 1840",2025.0,3.0,19.0,4267220,50c9509d-22c7-4a22-a47d-8c48425ef4a7
77.948425,30.404108,"Semnopithecus schistaceus Hodgson, 1840",2025.0,4.0,26.0,4267220,50c9509d-22c7-4a22-a47d-8c48425ef4a7
80.235268,30.079375,"Semnopithecus schistaceus Hodgson, 1840",2025.0,4.0,27.0,4267220,50c9509d-22c7-4a22-a47d-8c48425ef4a7
90.145306,27.545506,"Semnopithecus schistaceus Hodgson, 1840",2025.0,4.0,13.0,4267220,50c9509d-22c7-4a22-a47d-8c48425ef4a7
90.058831,27.500262,"Semnopithecus schistaceus Hodgson, 1840",2025.0,4.0,8.0,4267220,50c9509d-22c7-4a22-a47d-8c48425ef4a7
79.529432,29.344309,"Semnopithecus schistaceus Hodgson, 1840",2025.0,4.0,22.0,4267220,50c9509d-22c7-4a22-a47d-8c48425ef4a7
89.54815,27.314336,"Semnopithecus schistaceus Hodgson, 1840",2025.0,4.0,1.0,4267220,50c9509d-22c7-4a22-a47d-8c48425ef4a7
84.433305,27.537693,"Semnopithecus schistaceus Hodgson, 1840",2025.0,4.0,20.0,4267220,50c9509d-22c7-4a22-a47d-8c48425ef4a7
84.420542,27.546857,"Semnopithecus schistaceus Hodgson, 1840",2025.0,4.0,20.0,4267220,50c9509d-22c7-4a22-a47d-8c48425ef4a7
89.638611,27.471586,"Semnopithecus schistaceus Hodgson, 1840",2025.0,4.0,13.0,4267220,50c9509d-22c7-4a22-a47d-8c48425ef4a7
78.071206,30.375792,"Semnopithecus schistaceus Hodgson, 1840",2025.0,5.0,2.0,4267220,50c9509d-22c7-4a22-a47d-8c48425ef4a7
77.874869,30.721808,"Semnopithecus schistaceus Hodgson, 1840",2025.0,5.0,6.0,4267220,50c9509d-22c7-4a22-a47d-8c48425ef4a7
90.15301,27.545098,"Semnopithecus schistaceus Hodgson, 1840",2025.0,5.0,24.0,4267220,50c9509d-22c7-4a22-a47d-8c48425ef4a7
78.097631,30.414725,"Semnopithecus schistaceus Hodgson, 1840",2025.0,5.0,4.0,4267220,50c9509d-22c7-4a22-a47d-8c48425ef4a7
85.359489,28.121513,"Semnopithecus schistaceus Hodgson, 1840",2025.0,5.0,22.0,4267220,50c9509d-22c7-4a22-a47d-8c48425ef4a7
85.36001,28.146621,"Semnopithecus schistaceus Hodgson, 1840",2025.0,5.0,21.0,4267220,50c9509d-22c7-4a22-a47d-8c48425ef4a7
85.367273,28.120447,"Semnopithecus schistaceus Hodgson, 1840",2025.0,5.0,20.0,4267220,50c9509d-22c7-4a22-a47d-8c48425ef4a7
84.208296,27.559173,"Semnopithecus schistaceus Hodgson, 1840",2025.0,5.0,19.0,4267220,50c9509d-22c7-4a22-a47d-8c48425ef4a7
90.848662,26.879944,"Semnopithecus schistaceus Hodgson, 1840",2025.0,5.0,28.0,4267220,50c9509d-22c7-4a22-a47d-8c48425ef4a7
84.178652,27.546107,"Semnopithecus schistaceus Hodgson, 1840",2025.0,5.0,19.0,4267220,50c9509d-22c7-4a22-a47d-8c48425ef4a7
84.188294,27.543131,"Semnopithecus schistaceus Hodgson, 1840",2025.0,5.0,19.0,4267220,50c9509d-22c7-4a22-a47d-8c48425ef4a7
85.340334,28.120308,"Semnopithecus schistaceus Hodgson, 1840",2025.0,5.0,28.0,4267220,50c9509d-22c7-4a22-a47d-8c48425ef4a7
78.115762,30.45479,"Semnopithecus schistaceus Hodgson, 1840",2025.0,6.0,9.0,4267220,50c9509d-22c7-4a22-a47d-8c48425ef4a7
78.115477,30.454839,"Semnopithecus schistaceus Hodgson, 1840",2025.0,6.0,9.0,4267220,50c9509d-22c7-4a22-a47d-8c48425ef4a7
78.115961,30.454599,"Semnopithecus schistaceus Hodgson, 1840",2025.0,6.0,9.0,4267220,50c9509d-22c7-4a22-a47d-8c48425ef4a7
78.115961,30.454599,"Semnopithecus schistaceus Hodgson, 1840",2025.0,6.0,9.0,4267220,50c9509d-22c7-4a22-a47d-8c48425ef4a7
78.115961,30.454599,"Semnopithecus schistaceus Hodgson, 1840",2025.0,6.0,9.0,4267220,50c9509d-22c7-4a22-a47d-8c48425ef4a7
80.235268,30.079375,"Semnopithecus schistaceus Hodgson, 1840",2025.0,6.0,30.0,4267220,50c9509d-22c7-4a22-a47d-8c48425ef4a7
78.183288,30.237279,"Semnopithecus schistaceus Hodgson, 1840",2025.0,6.0,12.0,4267220,50c9509d-22c7-4a22-a47d-8c48425ef4a7
85.33641,28.316349,"Semnopithecus schistaceus Hodgson, 1840",2025.0,7.0,25.0,4267220,50c9509d-22c7-4a22-a47d-8c48425ef4a7
79.581047,30.648937,"Semnopithecus schistaceus Hodgson, 1840",2025.0,8.0,4.0,4267220,50c9509d-22c7-4a22-a47d-8c48425ef4a7
89.638681,27.593672,"Semnopithecus schistaceus Hodgson, 1840",2025.0,8.0,10.0,4267220,50c9509d-22c7-4a22-a47d-8c48425ef4a7
78.315164,30.122361,"Semnopithecus schistaceus Hodgson, 1840",2025.0,8.0,29.0,4267220,50c9509d-22c7-4a22-a47d-8c48425ef4a7
88.059868,26.788073,"Semnopithecus schistaceus Hodgson, 1840",2025.0,8.0,25.0,4267220,50c9509d-22c7-4a22-a47d-8c48425ef4a7
78.314667,30.104872,"Semnopithecus schistaceus Hodgson, 1840",2025.0,8.0,24.0,4267220,50c9509d-22c7-4a22-a47d-8c48425ef4a7
79.628819,29.332913,"Semnopithecus schistaceus Hodgson, 1840",2025.0,8.0,15.0,4267220,50c9509d-22c7-4a22-a47d-8c48425ef4a7
78.03276,30.469573,"Semnopithecus schistaceus Hodgson, 1840",2025.0,8.0,12.0,4267220,50c9509d-22c7-4a22-a47d-8c48425ef4a7
78.032315,30.469036,"Semnopithecus schistaceus Hodgson, 1840",2025.0,8.0,12.0,4267220,50c9509d-22c7-4a22-a47d-8c48425ef4a7
81.426518,28.442535,"Semnopithecus schistaceus Hodgson, 1840",2025.0,9.0,21.0,4267220,50c9509d-22c7-4a22-a47d-8c48425ef4a7
89.450312,27.330197,"Semnopithecus schistaceus Hodgson, 1840",2025.0,9.0,2.0,4267220,50c9509d-22c7-4a22-a47d-8c48425ef4a7
77.163987,31.104957,"Semnopithecus schistaceus Hodgson, 1840",2025.0,10.0,11.0,4267220,50c9509d-22c7-4a22-a47d-8c48425ef4a7
77.176696,31.111666,"Semnopithecus schistaceus Hodgson, 1840",2025.0,10.0,11.0,4267220,50c9509d-22c7-4a22-a47d-8c48425ef4a7
78.12954,30.339948,"Semnopithecus schistaceus Hodgson, 1840",2025.0,10.0,4.0,4267220,50c9509d-22c7-4a22-a47d-8c48425ef4a7
78.041931,30.463017,"Semnopithecus schistaceus Hodgson, 1840",2025.0,10.0,26.0,4267220,50c9509d-22c7-4a22-a47d-8c48425ef4a7
88.363008,26.796193,"Semnopithecus schistaceus Hodgson, 1840",2025.0,10.0,25.0,4267220,50c9509d-22c7-4a22-a47d-8c48425ef4a7
77.166579,31.108946,"Semnopithecus schistaceus Hodgson, 1840",2025.0,10.0,14.0,4267220,50c9509d-22c7-4a22-a47d-8c48425ef4a7
78.206367,31.088803,"Semnopithecus schistaceus Hodgson, 1840",2025.0,10.0,4.0,4267220,50c9509d-22c7-4a22-a47d-8c48425ef4a7
90.30168,27.564398,"Semnopithecus schistaceus Hodgson, 1840",2025.0,10.0,11.0,4267220,50c9509d-22c7-4a22-a47d-8c48425ef4a7
88.977979,27.372275,"Semnopithecus schistaceus Hodgson, 1840",2025.0,10.0,4.0,4267220,50c9509d-22c7-4a22-a47d-8c48425ef4a7
83.751686,28.393656,"Semnopithecus schistaceus Hodgson, 1840",2025.0,10.0,20.0,4267220,50c9509d-22c7-4a22-a47d-8c48425ef4a7
88.732507,26.521054,"Semnopithecus schistaceus Hodgson, 1840",2025.0,11.0,5.0,4267220,50c9509d-22c7-4a22-a47d-8c48425ef4a7
83.714943,28.378851,"Semnopithecus schistaceus Hodgson, 1840",2025.0,11.0,20.0,4267220,50c9509d-22c7-4a22-a47d-8c48425ef4a7
85.62293,28.206153,"Semnopithecus schistaceus Hodgson, 1840",2025.0,11.0,1.0,4267220,50c9509d-22c7-4a22-a47d-8c48425ef4a7
90.167237,27.539922,"Semnopithecus schistaceus Hodgson, 1840",2025.0,11.0,4.0,4267220,50c9509d-22c7-4a22-a47d-8c48425ef4a7
78.373028,31.125144,"Semnopithecus schistaceus Hodgson, 1840",2025.0,11.0,7.0,4267220,50c9509d-22c7-4a22-a47d-8c48425ef4a7
78.373028,31.125144,"Semnopithecus schistaceus Hodgson, 1840",2025.0,11.0,5.0,4267220,50c9509d-22c7-4a22-a47d-8c48425ef4a7
78.352873,30.125636,"Semnopithecus schistaceus Hodgson, 1840",2024.0,1.0,8.0,4267220,50c9509d-22c7-4a22-a47d-8c48425ef4a7
80.235268,30.079375,"Semnopithecus schistaceus Hodgson, 1840",2024.0,1.0,30.0,4267220,50c9509d-22c7-4a22-a47d-8c48425ef4a7
80.193086,30.085868,"Semnopithecus schistaceus Hodgson, 1840",2024.0,2.0,16.0,4267220,50c9509d-22c7-4a22-a47d-8c48425ef4a7
84.457324,27.557059,"Semnopithecus schistaceus Hodgson, 1840",2024.0,2.0,12.0,4267220,50c9509d-22c7-4a22-a47d-8c48425ef4a7
79.139039,29.416781,"Semnopithecus schistaceus Hodgson, 1840",2024.0,2.0,28.0,4267220,50c9509d-22c7-4a22-a47d-8c48425ef4a7
84.287398,27.543164,"Semnopithecus schistaceus Hodgson, 1840",2024.0,2.0,29.0,4267220,50c9509d-22c7-4a22-a47d-8c48425ef4a7
80.863708,27.138347,"Semnopithecus schistaceus Hodgson, 1840",2024.0,2.0,24.0,4267220,50c9509d-22c7-4a22-a47d-8c48425ef4a7
79.125827,29.419571,"Semnopithecus schistaceus Hodgson, 1840",2024.0,2.0,22.0,4267220,50c9509d-22c7-4a22-a47d-8c48425ef4a7
84.493575,27.551267,"Semnopithecus schistaceus Hodgson, 1840",2024.0,2.0,13.0,4267220,50c9509d-22c7-4a22-a47d-8c48425ef4a7
79.536661,29.34838,"Semnopithecus schistaceus Hodgson, 1840",2024.0,2.0,18.0,4267220,50c9509d-22c7-4a22-a47d-8c48425ef4a7
81.247628,28.507263,"Semnopithecus schistaceus Hodgson, 1840",2024.0,3.0,15.0,4267220,50c9509d-22c7-4a22-a47d-8c48425ef4a7
78.127008,30.589612,"Semnopithecus schistaceus Hodgson, 1840",2024.0,3.0,31.0,4267220,50c9509d-22c7-4a22-a47d-8c48425ef4a7
84.337442,27.554674,"Semnopithecus schistaceus Hodgson, 1840",2024.0,3.0,13.0,4267220,50c9509d-22c7-4a22-a47d-8c48425ef4a7
84.45211,27.554793,"Semnopithecus schistaceus Hodgson, 1840",2024.0,3.0,23.0,4267220,50c9509d-22c7-4a22-a47d-8c48425ef4a7
89.75301,27.50664,"Semnopithecus schistaceus Hodgson, 1840",2024.0,3.0,18.0,4267220,50c9509d-22c7-4a22-a47d-8c48425ef4a7
78.323241,30.127873,"Semnopithecus schistaceus Hodgson, 1840",2024.0,3.0,26.0,4267220,50c9509d-22c7-4a22-a47d-8c48425ef4a7
84.3373,27.529833,"Semnopithecus schistaceus Hodgson, 1840",2024.0,3.0,24.0,4267220,50c9509d-22c7-4a22-a47d-8c48425ef4a7
79.064798,30.337038,"Semnopithecus schistaceus Hodgson, 1840",2024.0,3.0,9.0,4267220,50c9509d-22c7-4a22-a47d-8c48425ef4a7
79.274713,30.457041,"Semnopithecus schistaceus Hodgson, 1840",2024.0,3.0,7.0,4267220,50c9509d-22c7-4a22-a47d-8c48425ef4a7
79.274713,30.457041,"Semnopithecus schistaceus Hodgson, 1840",2024.0,3.0,7.0,4267220,50c9509d-22c7-4a22-a47d-8c48425ef4a7
80.200036,30.046367,"Semnopithecus schistaceus Hodgson, 1840",2024.0,3.0,29.0,4267220,50c9509d-22c7-4a22-a47d-8c48425ef4a7
79.247178,30.460024,"Semnopithecus schistaceus Hodgson, 1840",2024.0,3.0,10.0,4267220,50c9509d-22c7-4a22-a47d-8c48425ef4a7
80.231258,30.064594,"Semnopithecus schistaceus Hodgson, 1840",2024.0,3.0,30.0,4267220,50c9509d-22c7-4a22-a47d-8c48425ef4a7
80.231258,30.064594,"Semnopithecus schistaceus Hodgson, 1840",2024.0,3.0,30.0,4267220,50c9509d-22c7-4a22-a47d-8c48425ef4a7
80.231258,30.064594,"Semnopithecus schistaceus Hodgson, 1840",2024.0,3.0,30.0,4267220,50c9509d-22c7-4a22-a47d-8c48425ef4a7
84.19,27.54,"Semnopithecus schistaceus Hodgson, 1840",2024.0,3.0,15.0,4267220,50c9509d-22c7-4a22-a47d-8c48425ef4a7
84.14,27.55,"Semnopithecus schistaceus Hodgson, 1840",2024.0,3.0,15.0,4267220,50c9509d-22c7-4a22-a47d-8c48425ef4a7
81.32,28.54,"Semnopithecus schistaceus Hodgson, 1840",2024.0,3.0,19.0,4267220,50c9509d-22c7-4a22-a47d-8c48425ef4a7
81.249,28.507,"Semnopithecus schistaceus Hodgson, 1840",2024.0,3.0,22.0,4267220,50c9509d-22c7-4a22-a47d-8c48425ef4a7
90.175775,27.533395,"Semnopithecus schistaceus Hodgson, 1840",2024.0,3.0,7.0,4267220,50c9509d-22c7-4a22-a47d-8c48425ef4a7
84.359894,27.57646,"Semnopithecus schistaceus Hodgson, 1840",2024.0,3.0,15.0,4267220,6ac3f774-d9fb-4796-b3e9-92bf6c81c084
84.359894,27.57646,"Semnopithecus schistaceus Hodgson, 1840",2024.0,3.0,13.0,4267220,6ac3f774-d9fb-4796-b3e9-92bf6c81c084
81.471001,28.412067,"Semnopithecus schistaceus Hodgson, 1840",2024.0,3.0,22.0,4267220,6ac3f774-d9fb-4796-b3e9-92bf6c81c084
81.471001,28.412067,"Semnopithecus schistaceus Hodgson, 1840",2024.0,3.0,19.0,4267220,6ac3f774-d9fb-4796-b3e9-92bf6c81c084
84.313532,27.519143,"Semnopithecus schistaceus Hodgson, 1840",2024.0,3.0,16.0,4267220,50c9509d-22c7-4a22-a47d-8c48425ef4a7
89.510571,27.260781,"Semnopithecus schistaceus Hodgson, 1840",2024.0,3.0,23.0,4267220,50c9509d-22c7-4a22-a47d-8c48425ef4a7
79.332711,29.292183,"Semnopithecus schistaceus Hodgson, 1840",2024.0,4.0,4.0,4267220,50c9509d-22c7-4a22-a47d-8c48425ef4a7
79.246242,29.374575,"Semnopithecus schistaceus Hodgson, 1840",2024.0,4.0,4.0,4267220,50c9509d-22c7-4a22-a47d-8c48425ef4a7
80.23734,30.071517,"Semnopithecus schistaceus Hodgson, 1840",2024.0,4.0,2.0,4267220,50c9509d-22c7-4a22-a47d-8c48425ef4a7
87.159477,26.79865,"Semnopithecus schistaceus Hodgson, 1840",2024.0,4.0,13.0,4267220,50c9509d-22c7-4a22-a47d-8c48425ef4a7
79.332694,29.291936,"Semnopithecus schistaceus Hodgson, 1840",2024.0,4.0,4.0,4267220,50c9509d-22c7-4a22-a47d-8c48425ef4a7
79.126982,30.521882,"Semnopithecus schistaceus Hodgson, 1840",2024.0,4.0,16.0,4267220,50c9509d-22c7-4a22-a47d-8c48425ef4a7
83.857661,28.465352,"Semnopithecus schistaceus Hodgson, 1840",2024.0,4.0,11.0,4267220,50c9509d-22c7-4a22-a47d-8c48425ef4a7
83.769525,28.402237,"Semnopithecus schistaceus Hodgson, 1840",2024.0,4.0,9.0,4267220,50c9509d-22c7-4a22-a47d-8c48425ef4a7
90.177075,27.536043,"Semnopithecus schistaceus Hodgson, 1840",2024.0,4.0,27.0,4267220,50c9509d-22c7-4a22-a47d-8c48425ef4a7
90.1,27.533333,"Semnopithecus schistaceus Hodgson, 1840",2024.0,4.0,9.0,4267220,50c9509d-22c7-4a22-a47d-8c48425ef4a7
90.184658,27.539428,"Semnopithecus schistaceus Hodgson, 1840",2024.0,4.0,22.0,4267220,50c9509d-22c7-4a22-a47d-8c48425ef4a7
80.448292,28.384476,"Semnopithecus schistaceus Hodgson, 1840",2024.0,4.0,29.0,4267220,50c9509d-22c7-4a22-a47d-8c48425ef4a7
79.601076,29.471939,"Semnopithecus schistaceus Hodgson, 1840",2024.0,4.0,13.0,4267220,50c9509d-22c7-4a22-a47d-8c48425ef4a7
77.874749,30.718962,"Semnopithecus schistaceus Hodgson, 1840",2024.0,5.0,9.0,4267220,50c9509d-22c7-4a22-a47d-8c48425ef4a7
81.282836,28.55837,"Semnopithecus schistaceus Hodgson, 1840",2024.0,5.0,1.0,4267220,50c9509d-22c7-4a22-a47d-8c48425ef4a7
81.251067,28.510875,"Semnopithecus schistaceus Hodgson, 1840",2024.0,5.0,1.0,4267220,50c9509d-22c7-4a22-a47d-8c48425ef4a7
85.393373,28.155146,"Semnopithecus schistaceus Hodgson, 1840",2024.0,5.0,15.0,4267220,50c9509d-22c7-4a22-a47d-8c48425ef4a7
81.276041,28.546652,"Semnopithecus schistaceus Hodgson, 1840",2024.0,5.0,4.0,4267220,50c9509d-22c7-4a22-a47d-8c48425ef4a7
79.186152,30.480883,"Semnopithecus schistaceus Hodgson, 1840",2024.0,5.0,29.0,4267220,50c9509d-22c7-4a22-a47d-8c48425ef4a7
86.34435,28.05321,"Semnopithecus schistaceus Hodgson, 1840",2024.0,5.0,26.0,4267220,50c9509d-22c7-4a22-a47d-8c48425ef4a7
86.34435,28.05321,"Semnopithecus schistaceus Hodgson, 1840",2024.0,5.0,26.0,4267220,50c9509d-22c7-4a22-a47d-8c48425ef4a7
80.436963,28.384929,"Semnopithecus schistaceus Hodgson, 1840",2024.0,5.0,2.0,4267220,50c9509d-22c7-4a22-a47d-8c48425ef4a7
85.560813,28.210941,"Semnopithecus schistaceus Hodgson, 1840",2024.0,5.0,23.0,4267220,50c9509d-22c7-4a22-a47d-8c48425ef4a7
78.440543,30.110131,"Semnopithecus schistaceus Hodgson, 1840",2024.0,5.0,31.0,4267220,50c9509d-22c7-4a22-a47d-8c48425ef4a7
78.081985,30.454743,"Semnopithecus schistaceus Hodgson, 1840",2024.0,5.0,16.0,4267220,50c9509d-22c7-4a22-a47d-8c48425ef4a7
79.551914,29.34608,"Semnopithecus schistaceus Hodgson, 1840",2024.0,6.0,1.0,4267220,50c9509d-22c7-4a22-a47d-8c48425ef4a7
78.094973,30.46671,"Semnopithecus schistaceus Hodgson, 1840",2024.0,6.0,25.0,4267220,50c9509d-22c7-4a22-a47d-8c48425ef4a7
88.905361,27.479542,"Semnopithecus schistaceus Hodgson, 1840",2024.0,6.0,14.0,4267220,50c9509d-22c7-4a22-a47d-8c48425ef4a7
77.169577,31.106512,"Semnopithecus schistaceus Hodgson, 1840",2024.0,6.0,24.0,4267220,50c9509d-22c7-4a22-a47d-8c48425ef4a7
77.156126,31.102995,"Semnopithecus schistaceus Hodgson, 1840",2024.0,7.0,1.0,4267220,50c9509d-22c7-4a22-a47d-8c48425ef4a7
77.156157,31.102983,"Semnopithecus schistaceus Hodgson, 1840",2024.0,7.0,1.0,4267220,50c9509d-22c7-4a22-a47d-8c48425ef4a7
76.564,32.129,"Semnopithecus schistaceus Hodgson, 1840",2024.0,7.0,14.0,4267220,50c9509d-22c7-4a22-a47d-8c48425ef4a7
89.357954,27.489445,"Semnopithecus schistaceus Hodgson, 1840",2024.0,7.0,4.0,4267220,50c9509d-22c7-4a22-a47d-8c48425ef4a7
80.236568,30.088344,"Semnopithecus schistaceus Hodgson, 1840",2024.0,7.0,16.0,4267220,50c9509d-22c7-4a22-a47d-8c48425ef4a7
80.236568,30.088344,"Semnopithecus schistaceus Hodgson, 1840",2024.0,7.0,16.0,4267220,50c9509d-22c7-4a22-a47d-8c48425ef4a7
77.173784,31.100142,"Semnopithecus schistaceus Hodgson, 1840",2024.0,7.0,3.0,4267220,50c9509d-22c7-4a22-a47d-8c48425ef4a7
80.233287,30.077059,"Semnopithecus schistaceus Hodgson, 1840",2024.0,7.0,21.0,4267220,50c9509d-22c7-4a22-a47d-8c48425ef4a7
78.094608,30.457763,"Semnopithecus schistaceus Hodgson, 1840",2024.0,7.0,20.0,4267220,50c9509d-22c7-4a22-a47d-8c48425ef4a7
80.235268,30.079375,"Semnopithecus schistaceus Hodgson, 1840",2024.0,7.0,24.0,4267220,50c9509d-22c7-4a22-a47d-8c48425ef4a7
80.235268,30.079375,"Semnopithecus schistaceus Hodgson, 1840",2024.0,7.0,24.0,4267220,50c9509d-22c7-4a22-a47d-8c48425ef4a7
80.236568,30.088344,"Semnopithecus schistaceus Hodgson, 1840",2024.0,7.0,29.0,4267220,50c9509d-22c7-4a22-a47d-8c48425ef4a7
80.235268,30.079375,"Semnopithecus schistaceus Hodgson, 1840",2024.0,7.0,24.0,4267220,50c9509d-22c7-4a22-a47d-8c48425ef4a7
80.235268,30.079375,"Semnopithecus schistaceus Hodgson, 1840",2024.0,7.0,24.0,4267220,50c9509d-22c7-4a22-a47d-8c48425ef4a7
80.236568,30.088344,"Semnopithecus schistaceus Hodgson, 1840",2024.0,7.0,29.0,4267220,50c9509d-22c7-4a22-a47d-8c48425ef4a7
80.235268,30.079375,"Semnopithecus schistaceus Hodgson, 1840",2024.0,7.0,24.0,4267220,50c9509d-22c7-4a22-a47d-8c48425ef4a7
80.235268,30.079375,"Semnopithecus schistaceus Hodgson, 1840",2024.0,7.0,24.0,4267220,50c9509d-22c7-4a22-a47d-8c48425ef4a7
89.606695,27.503158,"Semnopithecus schistaceus Hodgson, 1840",2024.0,7.0,27.0,4267220,50c9509d-22c7-4a22-a47d-8c48425ef4a7
80.236568,30.088344,"Semnopithecus schistaceus Hodgson, 1840",2024.0,7.0,29.0,4267220,50c9509d-22c7-4a22-a47d-8c48425ef4a7
78.104999,30.454404,"Semnopithecus schistaceus Hodgson, 1840",2024.0,7.0,23.0,4267220,50c9509d-22c7-4a22-a47d-8c48425ef4a7
78.104999,30.454404,"Semnopithecus schistaceus Hodgson, 1840",2024.0,7.0,23.0,4267220,50c9509d-22c7-4a22-a47d-8c48425ef4a7
78.104999,30.454404,"Semnopithecus schistaceus Hodgson, 1840",2024.0,7.0,23.0,4267220,50c9509d-22c7-4a22-a47d-8c48425ef4a7
78.102084,30.457974,"Semnopithecus schistaceus Hodgson, 1840",2024.0,7.0,24.0,4267220,50c9509d-22c7-4a22-a47d-8c48425ef4a7
78.081975,30.425218,"Semnopithecus schistaceus Hodgson, 1840",2024.0,7.0,17.0,4267220,50c9509d-22c7-4a22-a47d-8c48425ef4a7
77.144278,31.105686,"Semnopithecus schistaceus Hodgson, 1840",2024.0,7.0,11.0,4267220,50c9509d-22c7-4a22-a47d-8c48425ef4a7
80.235268,30.079375,"Semnopithecus schistaceus Hodgson, 1840",2024.0,8.0,1.0,4267220,50c9509d-22c7-4a22-a47d-8c48425ef4a7
76.327959,32.245975,"Semnopithecus schistaceus Hodgson, 1840",2024.0,8.0,6.0,4267220,50c9509d-22c7-4a22-a47d-8c48425ef4a7
80.236192,30.077756,"Semnopithecus schistaceus Hodgson, 1840",2024.0,8.0,5.0,4267220,50c9509d-22c7-4a22-a47d-8c48425ef4a7
80.235268,30.079375,"Semnopithecus schistaceus Hodgson, 1840",2024.0,8.0,3.0,4267220,50c9509d-22c7-4a22-a47d-8c48425ef4a7
80.236192,30.077756,"Semnopithecus schistaceus Hodgson, 1840",2024.0,8.0,5.0,4267220,50c9509d-22c7-4a22-a47d-8c48425ef4a7
75.435611,33.618227,"Semnopithecus schistaceus Hodgson, 1840",2024.0,8.0,6.0,4267220,50c9509d-22c7-4a22-a47d-8c48425ef4a7
80.243456,30.077661,"Semnopithecus schistaceus Hodgson, 1840",2024.0,9.0,2.0,4267220,50c9509d-22c7-4a22-a47d-8c48425ef4a7
79.394534,29.381935,"Semnopithecus schistaceus Hodgson, 1840",2024.0,9.0,30.0,4267220,50c9509d-22c7-4a22-a47d-8c48425ef4a7
84.4182,28.5816,"Semnopithecus schistaceus Hodgson, 1840",2024.0,9.0,9.0,4267220,50c9509d-22c7-4a22-a47d-8c48425ef4a7
84.4168,28.5892,"Semnopithecus schistaceus Hodgson, 1840",2024.0,9.0,10.0,4267220,50c9509d-22c7-4a22-a47d-8c48425ef4a7
85.440948,28.345008,"Semnopithecus schistaceus Hodgson, 1840",2024.0,10.0,4.0,4267220,50c9509d-22c7-4a22-a47d-8c48425ef4a7
85.332836,28.369025,"Semnopithecus schistaceus Hodgson, 1840",2024.0,10.0,3.0,4267220,50c9509d-22c7-4a22-a47d-8c48425ef4a7
79.182984,29.756336,"Semnopithecus schistaceus Hodgson, 1840",2024.0,10.0,4.0,4267220,50c9509d-22c7-4a22-a47d-8c48425ef4a7
80.240319,30.0785,"Semnopithecus schistaceus Hodgson, 1840",2024.0,10.0,19.0,4267220,50c9509d-22c7-4a22-a47d-8c48425ef4a7
85.454066,28.197853,"Semnopithecus schistaceus Hodgson, 1840",2024.0,10.0,30.0,4267220,50c9509d-22c7-4a22-a47d-8c48425ef4a7
90.179672,27.533495,"Semnopithecus schistaceus Hodgson, 1840",2024.0,10.0,26.0,4267220,50c9509d-22c7-4a22-a47d-8c48425ef4a7
85.325583,28.215238,"Semnopithecus schistaceus Hodgson, 1840",2024.0,10.0,30.0,4267220,50c9509d-22c7-4a22-a47d-8c48425ef4a7
90.139402,27.548115,"Semnopithecus schistaceus Hodgson, 1840",2024.0,10.0,17.0,4267220,50c9509d-22c7-4a22-a47d-8c48425ef4a7
85.436897,28.172959,"Semnopithecus schistaceus Hodgson, 1840",2024.0,10.0,20.0,4267220,50c9509d-22c7-4a22-a47d-8c48425ef4a7
80.240319,30.0785,"Semnopithecus schistaceus Hodgson, 1840",2024.0,10.0,19.0,4267220,50c9509d-22c7-4a22-a47d-8c48425ef4a7
84.332863,27.551365,"Semnopithecus schistaceus Hodgson, 1840",2024.0,10.0,31.0,4267220,6ac3f774-d9fb-4796-b3e9-92bf6c81c084
85.325666,28.2152,"Semnopithecus schistaceus Hodgson, 1840",2024.0,10.0,30.0,4267220,50c9509d-22c7-4a22-a47d-8c48425ef4a7
84.360142,27.556165,"Semnopithecus schistaceus Hodgson, 1840",2024.0,10.0,31.0,4267220,50c9509d-22c7-4a22-a47d-8c48425ef4a7
81.287903,28.566797,"Semnopithecus schistaceus Hodgson, 1840",2024.0,10.0,24.0,4267220,50c9509d-22c7-4a22-a47d-8c48425ef4a7
85.325629,28.215249,"Semnopithecus schistaceus Hodgson, 1840",2024.0,10.0,30.0,4267220,50c9509d-22c7-4a22-a47d-8c48425ef4a7
86.624469,27.606912,"Semnopithecus schistaceus Hodgson, 1840",2024.0,10.0,18.0,4267220,50c9509d-22c7-4a22-a47d-8c48425ef4a7
85.430804,28.16397,"Semnopithecus schistaceus Hodgson, 1840",2024.0,10.0,9.0,4267220,50c9509d-22c7-4a22-a47d-8c48425ef4a7
90.166537,27.539858,"Semnopithecus schistaceus Hodgson, 1840",2024.0,10.0,31.0,4267220,50c9509d-22c7-4a22-a47d-8c48425ef4a7
85.452129,28.194518,"Semnopithecus schistaceus Hodgson, 1840",2024.0,11.0,2.0,4267220,50c9509d-22c7-4a22-a47d-8c48425ef4a7
76.22371,32.131757,"Semnopithecus schistaceus Hodgson, 1840",2024.0,11.0,9.0,4267220,50c9509d-22c7-4a22-a47d-8c48425ef4a7
89.912726,27.323127,"Semnopithecus schistaceus Hodgson, 1840",2024.0,11.0,4.0,4267220,50c9509d-22c7-4a22-a47d-8c48425ef4a7
85.559656,28.107825,"Semnopithecus schistaceus Hodgson, 1840",2024.0,11.0,17.0,4267220,50c9509d-22c7-4a22-a47d-8c48425ef4a7
85.398537,28.161981,"Semnopithecus schistaceus Hodgson, 1840",2024.0,11.0,5.0,4267220,50c9509d-22c7-4a22-a47d-8c48425ef4a7
90.103239,27.530799,"Semnopithecus schistaceus Hodgson, 1840",2024.0,11.0,14.0,4267220,50c9509d-22c7-4a22-a47d-8c48425ef4a7
89.9063,27.3904,"Semnopithecus schistaceus Hodgson, 1840",2024.0,11.0,4.0,4267220,50c9509d-22c7-4a22-a47d-8c48425ef4a7
85.399045,28.162176,"Semnopithecus schistaceus Hodgson, 1840",2024.0,11.0,5.0,4267220,50c9509d-22c7-4a22-a47d-8c48425ef4a7
85.367275,28.163805,"Semnopithecus schistaceus Hodgson, 1840",2024.0,11.0,4.0,4267220,50c9509d-22c7-4a22-a47d-8c48425ef4a7
83.892608,28.491058,"Semnopithecus schistaceus Hodgson, 1840",2024.0,11.0,7.0,4267220,50c9509d-22c7-4a22-a47d-8c48425ef4a7
84.8853,28.2567,"Semnopithecus schistaceus Hodgson, 1840",2024.0,11.0,5.0,4267220,50c9509d-22c7-4a22-a47d-8c48425ef4a7
90.103239,27.530799,"Semnopithecus schistaceus Hodgson, 1840",2024.0,11.0,14.0,4267220,50c9509d-22c7-4a22-a47d-8c48425ef4a7
78.319942,30.134081,"Semnopithecus schistaceus Hodgson, 1840",2024.0,12.0,5.0,4267220,50c9509d-22c7-4a22-a47d-8c48425ef4a7
78.148961,29.952509,"Semnopithecus schistaceus Hodgson, 1840",2024.0,12.0,7.0,4267220,50c9509d-22c7-4a22-a47d-8c48425ef4a7
78.31385,30.124339,"Semnopithecus schistaceus Hodgson, 1840",2024.0,12.0,24.0,4267220,50c9509d-22c7-4a22-a47d-8c48425ef4a7
90.171363,27.541293,"Semnopithecus schistaceus Hodgson, 1840",2024.0,12.0,21.0,4267220,50c9509d-22c7-4a22-a47d-8c48425ef4a7
74.949042,33.030829,"Semnopithecus schistaceus Hodgson, 1840",2024.0,12.0,5.0,4267220,50c9509d-22c7-4a22-a47d-8c48425ef4a7
80.223824,30.071074,"Semnopithecus schistaceus Hodgson, 1840",2023.0,1.0,14.0,4267220,50c9509d-22c7-4a22-a47d-8c48425ef4a7
79.541796,29.266756,"Semnopithecus schistaceus Hodgson, 1840",2023.0,1.0,12.0,4267220,50c9509d-22c7-4a22-a47d-8c48425ef4a7
80.238693,30.081537,"Semnopithecus schistaceus Hodgson, 1840",2023.0,1.0,16.0,4267220,50c9509d-22c7-4a22-a47d-8c48425ef4a7
80.234116,30.078365,"Semnopithecus schistaceus Hodgson, 1840",2023.0,1.0,18.0,4267220,50c9509d-22c7-4a22-a47d-8c48425ef4a7
80.234138,30.07836,"Semnopithecus schistaceus Hodgson, 1840",2023.0,1.0,18.0,4267220,50c9509d-22c7-4a22-a47d-8c48425ef4a7
80.233971,30.078197,"Semnopithecus schistaceus Hodgson, 1840",2023.0,1.0,18.0,4267220,50c9509d-22c7-4a22-a47d-8c48425ef4a7
79.460583,29.394339,"Semnopithecus schistaceus Hodgson, 1840",2023.0,1.0,27.0,4267220,50c9509d-22c7-4a22-a47d-8c48425ef4a7
82.129055,27.381038,"Semnopithecus schistaceus Hodgson, 1840",2023.0,1.0,9.0,4267220,50c9509d-22c7-4a22-a47d-8c48425ef4a7
79.588588,29.35953,"Semnopithecus schistaceus Hodgson, 1840",2023.0,1.0,30.0,4267220,50c9509d-22c7-4a22-a47d-8c48425ef4a7
84.313533,27.519305,"Semnopithecus schistaceus Hodgson, 1840",2023.0,1.0,9.0,4267220,50c9509d-22c7-4a22-a47d-8c48425ef4a7
84.313533,27.519305,"Semnopithecus schistaceus Hodgson, 1840",2023.0,1.0,9.0,4267220,50c9509d-22c7-4a22-a47d-8c48425ef4a7
75.186486,34.124932,"Semnopithecus schistaceus Hodgson, 1840",2023.0,1.0,10.0,4267220,50c9509d-22c7-4a22-a47d-8c48425ef4a7
80.23735,30.069557,"Semnopithecus schistaceus Hodgson, 1840",2023.0,2.0,1.0,4267220,50c9509d-22c7-4a22-a47d-8c48425ef4a7
80.237755,30.070353,"Semnopithecus schistaceus Hodgson, 1840",2023.0,2.0,1.0,4267220,50c9509d-22c7-4a22-a47d-8c48425ef4a7
80.236755,30.080713,"Semnopithecus schistaceus Hodgson, 1840",2023.0,2.0,4.0,4267220,50c9509d-22c7-4a22-a47d-8c48425ef4a7
80.236771,30.080841,"Semnopithecus schistaceus Hodgson, 1840",2023.0,2.0,4.0,4267220,50c9509d-22c7-4a22-a47d-8c48425ef4a7
80.237328,30.069563,"Semnopithecus schistaceus Hodgson, 1840",2023.0,2.0,1.0,4267220,50c9509d-22c7-4a22-a47d-8c48425ef4a7
80.237366,30.069588,"Semnopithecus schistaceus Hodgson, 1840",2023.0,2.0,1.0,4267220,50c9509d-22c7-4a22-a47d-8c48425ef4a7
80.236633,30.080736,"Semnopithecus schistaceus Hodgson, 1840",2023.0,2.0,4.0,4267220,50c9509d-22c7-4a22-a47d-8c48425ef4a7
80.233093,30.077057,"Semnopithecus schistaceus Hodgson, 1840",2023.0,2.0,5.0,4267220,50c9509d-22c7-4a22-a47d-8c48425ef4a7
80.23587,30.080141,"Semnopithecus schistaceus Hodgson, 1840",2023.0,2.0,15.0,4267220,50c9509d-22c7-4a22-a47d-8c48425ef4a7
80.236916,30.0809,"Semnopithecus schistaceus Hodgson, 1840",2023.0,2.0,15.0,4267220,50c9509d-22c7-4a22-a47d-8c48425ef4a7
80.237576,30.063904,"Semnopithecus schistaceus Hodgson, 1840",2023.0,2.0,17.0,4267220,50c9509d-22c7-4a22-a47d-8c48425ef4a7
84.452467,27.534102,"Semnopithecus schistaceus Hodgson, 1840",2023.0,2.0,4.0,4267220,50c9509d-22c7-4a22-a47d-8c48425ef4a7
80.237045,30.082561,"Semnopithecus schistaceus Hodgson, 1840",2023.0,2.0,27.0,4267220,50c9509d-22c7-4a22-a47d-8c48425ef4a7
80.23262,30.077888,"Semnopithecus schistaceus Hodgson, 1840",2023.0,2.0,12.0,4267220,50c9509d-22c7-4a22-a47d-8c48425ef4a7
80.236794,30.082518,"Semnopithecus schistaceus Hodgson, 1840",2023.0,2.0,28.0,4267220,50c9509d-22c7-4a22-a47d-8c48425ef4a7
80.233093,30.077057,"Semnopithecus schistaceus Hodgson, 1840",2023.0,2.0,5.0,4267220,50c9509d-22c7-4a22-a47d-8c48425ef4a7
79.529853,29.355977,"Semnopithecus schistaceus Hodgson, 1840",2023.0,2.0,2.0,4267220,50c9509d-22c7-4a22-a47d-8c48425ef4a7
79.132677,29.398994,"Semnopithecus schistaceus Hodgson, 1840",2023.0,2.0,3.0,4267220,50c9509d-22c7-4a22-a47d-8c48425ef4a7
79.389005,29.466991,"Semnopithecus schistaceus Hodgson, 1840",2023.0,2.0,1.0,4267220,50c9509d-22c7-4a22-a47d-8c48425ef4a7
78.855224,29.578719,"Semnopithecus schistaceus Hodgson, 1840",2023.0,2.0,5.0,4267220,50c9509d-22c7-4a22-a47d-8c48425ef4a7
77.175116,31.104936,"Semnopithecus schistaceus Hodgson, 1840",2023.0,2.0,24.0,4267220,50c9509d-22c7-4a22-a47d-8c48425ef4a7
85.549084,28.209882,"Semnopithecus schistaceus Hodgson, 1840",2023.0,2.0,18.0,4267220,50c9509d-22c7-4a22-a47d-8c48425ef4a7
80.23597,30.080124,"Semnopithecus schistaceus Hodgson, 1840",2023.0,3.0,14.0,4267220,50c9509d-22c7-4a22-a47d-8c48425ef4a7
77.173707,31.100002,"Semnopithecus schistaceus Hodgson, 1840",2023.0,3.0,12.0,4267220,50c9509d-22c7-4a22-a47d-8c48425ef4a7
80.236649,30.082474,"Semnopithecus schistaceus Hodgson, 1840",2023.0,3.0,18.0,4267220,50c9509d-22c7-4a22-a47d-8c48425ef4a7
80.236679,30.081623,"Semnopithecus schistaceus Hodgson, 1840",2023.0,3.0,23.0,4267220,50c9509d-22c7-4a22-a47d-8c48425ef4a7
79.536071,29.406642,"Semnopithecus schistaceus Hodgson, 1840",2023.0,3.0,24.0,4267220,50c9509d-22c7-4a22-a47d-8c48425ef4a7
80.223213,30.08449,"Semnopithecus schistaceus Hodgson, 1840",2023.0,3.0,29.0,4267220,50c9509d-22c7-4a22-a47d-8c48425ef4a7
84.164581,27.546517,"Semnopithecus schistaceus Hodgson, 1840",2023.0,3.0,26.0,4267220,50c9509d-22c7-4a22-a47d-8c48425ef4a7
79.536097,29.406592,"Semnopithecus schistaceus Hodgson, 1840",2023.0,3.0,24.0,4267220,50c9509d-22c7-4a22-a47d-8c48425ef4a7
89.635852,27.612842,"Semnopithecus schistaceus Hodgson, 1840",2023.0,3.0,8.0,4267220,50c9509d-22c7-4a22-a47d-8c48425ef4a7
79.248615,30.468203,"Semnopithecus schistaceus Hodgson, 1840",2023.0,3.0,13.0,4267220,50c9509d-22c7-4a22-a47d-8c48425ef4a7
79.168356,30.46932,"Semnopithecus schistaceus Hodgson, 1840",2023.0,3.0,14.0,4267220,50c9509d-22c7-4a22-a47d-8c48425ef4a7
79.612013,29.372072,"Semnopithecus schistaceus Hodgson, 1840",2023.0,3.0,23.0,4267220,50c9509d-22c7-4a22-a47d-8c48425ef4a7
80.233833,30.077982,"Semnopithecus schistaceus Hodgson, 1840",2023.0,4.0,12.0,4267220,50c9509d-22c7-4a22-a47d-8c48425ef4a7
80.236282,30.080507,"Semnopithecus schistaceus Hodgson, 1840",2023.0,4.0,25.0,4267220,50c9509d-22c7-4a22-a47d-8c48425ef4a7
80.234116,30.078257,"Semnopithecus schistaceus Hodgson, 1840",2023.0,4.0,19.0,4267220,50c9509d-22c7-4a22-a47d-8c48425ef4a7
77.283464,30.511518,"Semnopithecus schistaceus Hodgson, 1840",2023.0,4.0,21.0,4267220,50c9509d-22c7-4a22-a47d-8c48425ef4a7
80.231868,30.06304,"Semnopithecus schistaceus Hodgson, 1840",2023.0,4.0,10.0,4267220,50c9509d-22c7-4a22-a47d-8c48425ef4a7
80.199741,30.049482,"Semnopithecus schistaceus Hodgson, 1840",2023.0,4.0,12.0,4267220,50c9509d-22c7-4a22-a47d-8c48425ef4a7
78.896202,29.4483,"Semnopithecus schistaceus Hodgson, 1840",2023.0,4.0,5.0,4267220,50c9509d-22c7-4a22-a47d-8c48425ef4a7
85.443149,28.184506,"Semnopithecus schistaceus Hodgson, 1840",2023.0,4.0,1.0,4267220,50c9509d-22c7-4a22-a47d-8c48425ef4a7
77.874869,30.721808,"Semnopithecus schistaceus Hodgson, 1840",2023.0,5.0,5.0,4267220,50c9509d-22c7-4a22-a47d-8c48425ef4a7
80.199339,29.744547,"Semnopithecus schistaceus Hodgson, 1840",2023.0,5.0,23.0,4267220,50c9509d-22c7-4a22-a47d-8c48425ef4a7
85.481401,28.207988,"Semnopithecus schistaceus Hodgson, 1840",2023.0,5.0,3.0,4267220,50c9509d-22c7-4a22-a47d-8c48425ef4a7
84.354205,27.528501,"Semnopithecus schistaceus Hodgson, 1840",2023.0,5.0,30.0,4267220,50c9509d-22c7-4a22-a47d-8c48425ef4a7
84.462769,27.558493,"Semnopithecus schistaceus Hodgson, 1840",2023.0,5.0,8.0,4267220,50c9509d-22c7-4a22-a47d-8c48425ef4a7
78.312159,30.112767,"Semnopithecus schistaceus Hodgson, 1840",2023.0,5.0,8.0,4267220,50c9509d-22c7-4a22-a47d-8c48425ef4a7
78.099844,30.455732,"Semnopithecus schistaceus Hodgson, 1840",2023.0,6.0,18.0,4267220,50c9509d-22c7-4a22-a47d-8c48425ef4a7
78.055742,30.45677,"Semnopithecus schistaceus Hodgson, 1840",2023.0,6.0,24.0,4267220,50c9509d-22c7-4a22-a47d-8c48425ef4a7
83.8116,28.377295,"Semnopithecus schistaceus Hodgson, 1840",2023.0,6.0,25.0,4267220,50c9509d-22c7-4a22-a47d-8c48425ef4a7
81.140378,28.333537,"Semnopithecus schistaceus Hodgson, 1840",2023.0,6.0,1.0,4267220,50c9509d-22c7-4a22-a47d-8c48425ef4a7
77.177396,31.102867,"Semnopithecus schistaceus Hodgson, 1840",2023.0,7.0,2.0,4267220,50c9509d-22c7-4a22-a47d-8c48425ef4a7
77.184074,31.101235,"Semnopithecus schistaceus Hodgson, 1840",2023.0,7.0,2.0,4267220,50c9509d-22c7-4a22-a47d-8c48425ef4a7
80.238083,30.080048,"Semnopithecus schistaceus Hodgson, 1840",2023.0,7.0,16.0,4267220,50c9509d-22c7-4a22-a47d-8c48425ef4a7
80.236664,30.07296,"Semnopithecus schistaceus Hodgson, 1840",2023.0,7.0,22.0,4267220,50c9509d-22c7-4a22-a47d-8c48425ef4a7
80.238403,30.080347,"Semnopithecus schistaceus Hodgson, 1840",2023.0,7.0,30.0,4267220,50c9509d-22c7-4a22-a47d-8c48425ef4a7
85.329248,28.393292,"Semnopithecus schistaceus Hodgson, 1840",2023.0,7.0,22.0,4267220,50c9509d-22c7-4a22-a47d-8c48425ef4a7
80.238091,30.079966,"Semnopithecus schistaceus Hodgson, 1840",2023.0,8.0,6.0,4267220,50c9509d-22c7-4a22-a47d-8c48425ef4a7
80.23275,30.080509,"Semnopithecus schistaceus Hodgson, 1840",2023.0,8.0,29.0,4267220,50c9509d-22c7-4a22-a47d-8c48425ef4a7
80.232872,30.080696,"Semnopithecus schistaceus Hodgson, 1840",2023.0,8.0,29.0,4267220,50c9509d-22c7-4a22-a47d-8c48425ef4a7
88.342391,26.836404,"Semnopithecus schistaceus Hodgson, 1840",2023.0,8.0,27.0,4267220,50c9509d-22c7-4a22-a47d-8c48425ef4a7
83.747909,28.27522,"Semnopithecus schistaceus Hodgson, 1840",2023.0,8.0,31.0,4267220,50c9509d-22c7-4a22-a47d-8c48425ef4a7
84.378026,27.550961,"Semnopithecus schistaceus Hodgson, 1840",2023.0,8.0,9.0,4267220,50c9509d-22c7-4a22-a47d-8c48425ef4a7
77.973552,30.283498,"Semnopithecus schistaceus Hodgson, 1840",2023.0,9.0,6.0,4267220,50c9509d-22c7-4a22-a47d-8c48425ef4a7
83.823798,28.293712,"Semnopithecus schistaceus Hodgson, 1840",2023.0,9.0,27.0,4267220,50c9509d-22c7-4a22-a47d-8c48425ef4a7
76.323434,32.231828,"Semnopithecus schistaceus Hodgson, 1840",2023.0,9.0,27.0,4267220,50c9509d-22c7-4a22-a47d-8c48425ef4a7
79.173502,29.581511,"Semnopithecus schistaceus Hodgson, 1840",2023.0,10.0,2.0,4267220,50c9509d-22c7-4a22-a47d-8c48425ef4a7
78.102167,30.457314,"Semnopithecus schistaceus Hodgson, 1840",2023.0,10.0,1.0,4267220,50c9509d-22c7-4a22-a47d-8c48425ef4a7
79.56281,30.343374,"Semnopithecus schistaceus Hodgson, 1840",2023.0,10.0,4.0,4267220,50c9509d-22c7-4a22-a47d-8c48425ef4a7
80.04605,30.080353,"Semnopithecus schistaceus Hodgson, 1840",2023.0,10.0,14.0,4267220,50c9509d-22c7-4a22-a47d-8c48425ef4a7
80.211773,30.132238,"Semnopithecus schistaceus Hodgson, 1840",2023.0,10.0,21.0,4267220,50c9509d-22c7-4a22-a47d-8c48425ef4a7
80.26745,30.20798,"Semnopithecus schistaceus Hodgson, 1840",2023.0,10.0,30.0,4267220,50c9509d-22c7-4a22-a47d-8c48425ef4a7
78.959155,29.434416,"Semnopithecus schistaceus Hodgson, 1840",2023.0,11.0,10.0,4267220,50c9509d-22c7-4a22-a47d-8c48425ef4a7
78.267612,30.086928,"Semnopithecus schistaceus Hodgson, 1840",2023.0,11.0,9.0,4267220,50c9509d-22c7-4a22-a47d-8c48425ef4a7
80.23734,30.071517,"Semnopithecus schistaceus Hodgson, 1840",2023.0,11.0,22.0,4267220,50c9509d-22c7-4a22-a47d-8c48425ef4a7
90.511648,27.404966,"Trachypithecus geei Khajuria, 1956",2025.0,3.0,31.0,2436536,50c9509d-22c7-4a22-a47d-8c48425ef4a7
90.453342,27.556363,"Trachypithecus geei Khajuria, 1956",2025.0,3.0,2.0,2436536,50c9509d-22c7-4a22-a47d-8c48425ef4a7
90.600009,27.017791,"Trachypithecus geei Khajuria, 1956",2025.0,4.0,18.0,2436536,50c9509d-22c7-4a22-a47d-8c48425ef4a7
90.490477,27.35258,"Trachypithecus geei Khajuria, 1956",2025.0,4.0,1.0,2436536,50c9509d-22c7-4a22-a47d-8c48425ef4a7
90.515539,27.4,"Trachypithecus geei Khajuria, 1956",2025.0,4.0,17.0,2436536,50c9509d-22c7-4a22-a47d-8c48425ef4a7
90.771137,27.032045,"Trachypithecus geei Khajuria, 1956",2025.0,4.0,2.0,2436536,50c9509d-22c7-4a22-a47d-8c48425ef4a7
90.512037,27.523636,"Trachypithecus geei Khajuria, 1956",2025.0,5.0,11.0,2436536,50c9509d-22c7-4a22-a47d-8c48425ef4a7
90.718771,27.055451,"Trachypithecus geei Khajuria, 1956",2025.0,5.0,23.0,2436536,50c9509d-22c7-4a22-a47d-8c48425ef4a7
90.619489,27.032975,"Trachypithecus geei Khajuria, 1956",2025.0,5.0,1.0,2436536,50c9509d-22c7-4a22-a47d-8c48425ef4a7
90.635467,26.40142,"Trachypithecus geei Khajuria, 1956",2025.0,6.0,13.0,2436536,50c9509d-22c7-4a22-a47d-8c48425ef4a7
90.640518,26.521451,"Trachypithecus geei Khajuria, 1956",2025.0,6.0,13.0,2436536,50c9509d-22c7-4a22-a47d-8c48425ef4a7
90.662146,26.475955,"Trachypithecus geei Khajuria, 1956",2025.0,6.0,13.0,2436536,50c9509d-22c7-4a22-a47d-8c48425ef4a7
90.635337,27.1903,"Trachypithecus geei Khajuria, 1956",2025.0,7.0,19.0,2436536,50c9509d-22c7-4a22-a47d-8c48425ef4a7
91.145514,27.314211,"Trachypithecus geei Khajuria, 1956",2025.0,8.0,26.0,2436536,50c9509d-22c7-4a22-a47d-8c48425ef4a7
90.700807,26.5089,"Trachypithecus geei Khajuria, 1956",2025.0,8.0,31.0,2436536,50c9509d-22c7-4a22-a47d-8c48425ef4a7
90.570639,26.863002,"Trachypithecus geei Khajuria, 1956",2025.0,11.0,2.0,2436536,50c9509d-22c7-4a22-a47d-8c48425ef4a7
90.664075,26.242792,"Trachypithecus geei Khajuria, 1956",2025.0,11.0,16.0,2436536,50c9509d-22c7-4a22-a47d-8c48425ef4a7
90.775098,27.064667,"Trachypithecus geei Khajuria, 1956",2024.0,1.0,26.0,2436536,50c9509d-22c7-4a22-a47d-8c48425ef4a7
96.535809,27.445472,"Trachypithecus geei Khajuria, 1956",2024.0,2.0,26.0,2436536,50c9509d-22c7-4a22-a47d-8c48425ef4a7
90.609015,27.026118,"Trachypithecus geei Khajuria, 1956",2024.0,3.0,23.0,2436536,50c9509d-22c7-4a22-a47d-8c48425ef4a7
90.628508,27.111557,"Trachypithecus geei Khajuria, 1956",2024.0,3.0,23.0,2436536,50c9509d-22c7-4a22-a47d-8c48425ef4a7
90.231447,26.834508,"Trachypithecus geei Khajuria, 1956",2024.0,3.0,21.0,2436536,50c9509d-22c7-4a22-a47d-8c48425ef4a7
90.708831,27.039341,"Trachypithecus geei Khajuria, 1956",2024.0,3.0,27.0,2436536,50c9509d-22c7-4a22-a47d-8c48425ef4a7
90.96257,26.780943,"Trachypithecus geei Khajuria, 1956",2024.0,3.0,8.0,2436536,50c9509d-22c7-4a22-a47d-8c48425ef4a7
90.701316,26.526966,"Trachypithecus geei Khajuria, 1956",2024.0,3.0,4.0,2436536,50c9509d-22c7-4a22-a47d-8c48425ef4a7
90.690433,27.039791,"Trachypithecus geei Khajuria, 1956",2024.0,4.0,21.0,2436536,50c9509d-22c7-4a22-a47d-8c48425ef4a7
90.586837,27.439793,"Trachypithecus geei Khajuria, 1956",2024.0,4.0,15.0,2436536,50c9509d-22c7-4a22-a47d-8c48425ef4a7
90.680854,27.097158,"Trachypithecus geei Khajuria, 1956",2024.0,4.0,16.0,2436536,50c9509d-22c7-4a22-a47d-8c48425ef4a7
90.680295,27.161141,"Trachypithecus geei Khajuria, 1956",2024.0,4.0,22.0,2436536,50c9509d-22c7-4a22-a47d-8c48425ef4a7
90.662116,27.35783,"Trachypithecus geei Khajuria, 1956",2024.0,4.0,15.0,2436536,50c9509d-22c7-4a22-a47d-8c48425ef4a7
90.655737,27.315812,"Trachypithecus geei Khajuria, 1956",2024.0,4.0,15.0,2436536,50c9509d-22c7-4a22-a47d-8c48425ef4a7
90.476397,27.556853,"Trachypithecus geei Khajuria, 1956",2024.0,4.0,15.0,2436536,50c9509d-22c7-4a22-a47d-8c48425ef4a7
90.705644,27.251062,"Trachypithecus geei Khajuria, 1956",2024.0,4.0,15.0,2436536,50c9509d-22c7-4a22-a47d-8c48425ef4a7
90.795933,27.118771,"Trachypithecus geei Khajuria, 1956",2024.0,4.0,17.0,2436536,50c9509d-22c7-4a22-a47d-8c48425ef4a7
90.651557,27.011895,"Trachypithecus geei Khajuria, 1956",2024.0,4.0,18.0,2436536,50c9509d-22c7-4a22-a47d-8c48425ef4a7
90.78809,27.070601,"Trachypithecus geei Khajuria, 1956",2024.0,4.0,17.0,2436536,50c9509d-22c7-4a22-a47d-8c48425ef4a7
90.66361,27.010096,"Trachypithecus geei Khajuria, 1956",2024.0,4.0,21.0,2436536,50c9509d-22c7-4a22-a47d-8c48425ef4a7
90.345924,27.444633,"Trachypithecus geei Khajuria, 1956",2024.0,4.0,11.0,2436536,50c9509d-22c7-4a22-a47d-8c48425ef4a7
90.670851,27.010872,"Trachypithecus geei Khajuria, 1956",2024.0,4.0,16.0,2436536,50c9509d-22c7-4a22-a47d-8c48425ef4a7
90.568362,27.460539,"Trachypithecus geei Khajuria, 1956",2024.0,4.0,15.0,2436536,50c9509d-22c7-4a22-a47d-8c48425ef4a7
90.435916,26.980344,"Trachypithecus geei Khajuria, 1956",2024.0,11.0,5.0,2436536,50c9509d-22c7-4a22-a47d-8c48425ef4a7
90.639651,27.110956,"Trachypithecus geei Khajuria, 1956",2024.0,11.0,7.0,2436536,50c9509d-22c7-4a22-a47d-8c48425ef4a7
90.29335,26.964767,"Trachypithecus geei Khajuria, 1956",2024.0,11.0,4.0,2436536,50c9509d-22c7-4a22-a47d-8c48425ef4a7
90.576664,26.984715,"Trachypithecus geei Khajuria, 1956",2024.0,11.0,6.0,2436536,50c9509d-22c7-4a22-a47d-8c48425ef4a7
90.561209,26.863704,"Trachypithecus geei Khajuria, 1956",2024.0,11.0,5.0,2436536,50c9509d-22c7-4a22-a47d-8c48425ef4a7
90.551823,27.542527,"Trachypithecus geei Khajuria, 1956",2024.0,11.0,9.0,2436536,50c9509d-22c7-4a22-a47d-8c48425ef4a7
90.20091,26.839015,"Trachypithecus geei Khajuria, 1956",2024.0,12.0,18.0,2436536,50c9509d-22c7-4a22-a47d-8c48425ef4a7
91.239483,26.810174,"Trachypithecus geei Khajuria, 1956",2024.0,12.0,15.0,2436536,50c9509d-22c7-4a22-a47d-8c48425ef4a7
91.239483,26.810174,"Trachypithecus geei Khajuria, 1956",2023.0,3.0,21.0,2436536,50c9509d-22c7-4a22-a47d-8c48425ef4a7
90.578064,27.406793,"Trachypithecus geei Khajuria, 1956",2023.0,4.0,29.0,2436536,50c9509d-22c7-4a22-a47d-8c48425ef4a7
90.444547,27.47872,"Trachypithecus geei Khajuria, 1956",2023.0,4.0,14.0,2436536,50c9509d-22c7-4a22-a47d-8c48425ef4a7
90.597259,27.542635,"Trachypithecus geei Khajuria, 1956",2023.0,4.0,15.0,2436536,50c9509d-22c7-4a22-a47d-8c48425ef4a7
90.413895,27.58852,"Trachypithecus geei Khajuria, 1956",2023.0,4.0,15.0,2436536,50c9509d-22c7-4a22-a47d-8c48425ef4a7
90.764587,26.539543,"Trachypithecus geei Khajuria, 1956",2023.0,5.0,14.0,2436536,50c9509d-22c7-4a22-a47d-8c48425ef4a7
90.78047,26.444591,"Trachypithecus geei Khajuria, 1956",2023.0,11.0,22.0,2436536,50c9509d-22c7-4a22-a47d-8c48425ef4a7
91.239483,26.810174,"Trachypithecus geei Khajuria, 1956",2022.0,2.0,22.0,2436536,50c9509d-22c7-4a22-a47d-8c48425ef4a7
90.927682,26.757501,"Trachypithecus geei Khajuria, 1956",2022.0,3.0,6.0,2436536,50c9509d-22c7-4a22-a47d-8c48425ef4a7
90.039654,27.017611,"Trachypithecus geei Khajuria, 1956",2021.0,1.0,22.0,2436536,926f3dd4-89d9-4cbd-8ed7-32fb6fcfa861
90.692528,27.153448,"Trachypithecus geei Khajuria, 1956",2020.0,2.0,16.0,2436536,926f3dd4-89d9-4cbd-8ed7-32fb6fcfa861
90.736048,27.046957,"Trachypithecus geei Khajuria, 1956",2020.0,3.0,6.0,2436536,50c9509d-22c7-4a22-a47d-8c48425ef4a7
90.30604,26.694062,"Trachypithecus geei Khajuria, 1956",2020.0,6.0,21.0,2436536,c6b86c40-ff71-4e5e-902c-111f400d0d56
90.457731,27.284685,"Trachypithecus geei Khajuria, 1956",2020.0,11.0,26.0,2436536,50c9509d-22c7-4a22-a47d-8c48425ef4a7
90.562866,27.361071,"Trachypithecus geei Khajuria, 1956",2020.0,11.0,12.0,2436536,926f3dd4-89d9-4cbd-8ed7-32fb6fcfa861
90.281987,27.477065,"Trachypithecus geei Khajuria, 1956",2019.0,2.0,3.0,2436536,50c9509d-22c7-4a22-a47d-8c48425ef4a7
90.625101,27.35046,"Trachypithecus geei Khajuria, 1956",2019.0,3.0,1.0,2436536,50c9509d-22c7-4a22-a47d-8c48425ef4a7
90.571974,27.552626,"Trachypithecus geei Khajuria, 1956",2019.0,4.0,17.0,2436536,50c9509d-22c7-4a22-a47d-8c48425ef4a7
90.738774,27.076828,"Trachypithecus geei Khajuria, 1956",2019.0,4.0,17.0,2436536,50c9509d-22c7-4a22-a47d-8c48425ef4a7
90.30876,26.938509,"Trachypithecus geei Khajuria, 1956",2019.0,4.0,13.0,2436536,50c9509d-22c7-4a22-a47d-8c48425ef4a7
90.665174,27.146546,"Trachypithecus geei Khajuria, 1956",2019.0,4.0,17.0,2436536,50c9509d-22c7-4a22-a47d-8c48425ef4a7
90.468402,26.818148,"Trachypithecus geei Khajuria, 1956",2019.0,4.0,14.0,2436536,50c9509d-22c7-4a22-a47d-8c48425ef4a7
90.740185,27.13989,"Trachypithecus geei Khajuria, 1956",2019.0,4.0,10.0,2436536,50c9509d-22c7-4a22-a47d-8c48425ef4a7
90.578367,27.525227,"Trachypithecus geei Khajuria, 1956",2019.0,4.0,10.0,2436536,50c9509d-22c7-4a22-a47d-8c48425ef4a7
90.798718,27.074513,"Trachypithecus geei Khajuria, 1956",2019.0,4.0,10.0,2436536,50c9509d-22c7-4a22-a47d-8c48425ef4a7
90.759818,27.041938,"Trachypithecus geei Khajuria, 1956",2019.0,4.0,11.0,2436536,50c9509d-22c7-4a22-a47d-8c48425ef4a7
90.547209,27.531113,"Trachypithecus geei Khajuria, 1956",2019.0,4.0,10.0,2436536,50c9509d-22c7-4a22-a47d-8c48425ef4a7
90.0,27.0,"Trachypithecus geei Khajuria, 1956",2019.0,5.0,17.0,2436536,926f3dd4-89d9-4cbd-8ed7-32fb6fcfa861
90.412521,27.219973,"Trachypithecus geei Khajuria, 1956",2019.0,5.0,1.0,2436536,926f3dd4-89d9-4cbd-8ed7-32fb6fcfa861
90.754384,27.069942,"Trachypithecus geei Khajuria, 1956",2019.0,5.0,9.0,2436536,50c9509d-22c7-4a22-a47d-8c48425ef4a7
90.583649,27.325895,"Trachypithecus geei Khajuria, 1956",2019.0,9.0,30.0,2436536,926f3dd4-89d9-4cbd-8ed7-32fb6fcfa861
90.496964,27.463043,"Trachypithecus geei Khajuria, 1956",2019.0,10.0,13.0,2436536,926f3dd4-89d9-4cbd-8ed7-32fb6fcfa861
90.583649,27.325895,"Trachypithecus geei Khajuria, 1956",2019.0,10.0,3.0,2436536,926f3dd4-89d9-4cbd-8ed7-32fb6fcfa861
90.269083,27.08655,"Trachypithecus geei Khajuria, 1956",2019.0,12.0,19.0,2436536,50c9509d-22c7-4a22-a47d-8c48425ef4a7
91.736237,26.144517,"Trachypithecus geei Khajuria, 1956",2018.0,1.0,1.0,2436536,c6b86c40-ff71-4e5e-902c-111f400d0d56
90.669919,26.478496,"Trachypithecus geei Khajuria, 1956",2018.0,1.0,8.0,2436536,50c9509d-22c7-4a22-a47d-8c48425ef4a7
91.744908,26.196492,"Trachypithecus geei Khajuria, 1956",2018.0,4.0,10.0,2436536,50c9509d-22c7-4a22-a47d-8c48425ef4a7
90.5326,27.18926,"Trachypithecus geei Khajuria, 1956",2018.0,5.0,4.0,2436536,926f3dd4-89d9-4cbd-8ed7-32fb6fcfa861
90.645905,27.221968,"Trachypithecus geei Khajuria, 1956",2018.0,5.0,18.0,2436536,926f3dd4-89d9-4cbd-8ed7-32fb6fcfa861
91.744911,26.196493,"Trachypithecus geei Khajuria, 1956",2018.0,6.0,23.0,2436536,c6b86c40-ff71-4e5e-902c-111f400d0d56
90.535236,26.500999,"Trachypithecus geei Khajuria, 1956",2018.0,7.0,21.0,2436536,c6b86c40-ff71-4e5e-902c-111f400d0d56
90.412521,27.219973,"Trachypithecus geei Khajuria, 1956",2018.0,7.0,3.0,2436536,926f3dd4-89d9-4cbd-8ed7-32fb6fcfa861
90.45109,27.034025,"Trachypithecus geei Khajuria, 1956",2018.0,11.0,4.0,2436536,50c9509d-22c7-4a22-a47d-8c48425ef4a7
89.834942,26.748712,"Trachypithecus geei Khajuria, 1956",2018.0,11.0,16.0,2436536,50c9509d-22c7-4a22-a47d-8c48425ef4a7
89.844559,26.65573,"Trachypithecus geei Khajuria, 1956",2018.0,11.0,16.0,2436536,50c9509d-22c7-4a22-a47d-8c48425ef4a7
89.895154,26.755654,"Trachypithecus geei Khajuria, 1956",2018.0,11.0,19.0,2436536,50c9509d-22c7-4a22-a47d-8c48425ef4a7
90.588145,27.245936,"Trachypithecus geei Khajuria, 1956",2018.0,11.0,22.0,2436536,50c9509d-22c7-4a22-a47d-8c48425ef4a7
90.272821,26.409714,"Trachypithecus geei Khajuria, 1956",2017.0,2.0,27.0,2436536,c6b86c40-ff71-4e5e-902c-111f400d0d56
90.496455,27.390807,"Trachypithecus geei Khajuria, 1956",2017.0,4.0,9.0,2436536,50c9509d-22c7-4a22-a47d-8c48425ef4a7
90.733432,27.124984,"Trachypithecus geei Khajuria, 1956",2017.0,4.0,11.0,2436536,50c9509d-22c7-4a22-a47d-8c48425ef4a7
90.793214,27.050116,"Trachypithecus geei Khajuria, 1956",2017.0,4.0,12.0,2436536,50c9509d-22c7-4a22-a47d-8c48425ef4a7
90.664554,27.109141,"Trachypithecus geei Khajuria, 1956",2017.0,4.0,12.0,2436536,50c9509d-22c7-4a22-a47d-8c48425ef4a7
90.79982,27.034784,"Trachypithecus geei Khajuria, 1956",2017.0,4.0,11.0,2436536,50c9509d-22c7-4a22-a47d-8c48425ef4a7
90.479967,27.327042,"Trachypithecus geei Khajuria, 1956",2017.0,4.0,9.0,2436536,50c9509d-22c7-4a22-a47d-8c48425ef4a7
90.533304,27.351804,"Trachypithecus geei Khajuria, 1956",2017.0,4.0,9.0,2436536,50c9509d-22c7-4a22-a47d-8c48425ef4a7
90.901333,26.920241,"Trachypithecus geei Khajuria, 1956",2017.0,5.0,23.0,2436536,50c9509d-22c7-4a22-a47d-8c48425ef4a7
90.770621,26.545931,"Trachypithecus geei Khajuria, 1956",2017.0,7.0,23.0,2436536,50c9509d-22c7-4a22-a47d-8c48425ef4a7
90.649353,26.408905,"Trachypithecus geei Khajuria, 1956",2017.0,7.0,23.0,2436536,c6b86c40-ff71-4e5e-902c-111f400d0d56
90.633934,26.26202,"Trachypithecus geei Khajuria, 1956",2017.0,8.0,3.0,2436536,c6b86c40-ff71-4e5e-902c-111f400d0d56
90.617462,27.275991,"Trachypithecus geei Khajuria, 1956",2017.0,9.0,18.0,2436536,926f3dd4-89d9-4cbd-8ed7-32fb6fcfa861
90.45874,27.080504,"Trachypithecus geei Khajuria, 1956",2017.0,10.0,26.0,2436536,50c9509d-22c7-4a22-a47d-8c48425ef4a7
91.787649,26.587641,"Trachypithecus geei Khajuria, 1956",2017.0,11.0,10.0,2436536,50c9509d-22c7-4a22-a47d-8c48425ef4a7
90.596008,27.319315,"Trachypithecus geei Khajuria, 1956",2017.0,11.0,16.0,2436536,926f3dd4-89d9-4cbd-8ed7-32fb6fcfa861
90.70536,27.126675,"Trachypithecus geei Khajuria, 1956",2017.0,11.0,10.0,2436536,926f3dd4-89d9-4cbd-8ed7-32fb6fcfa861
90.611465,26.558609,"Trachypithecus geei Khajuria, 1956",2016.0,1.0,22.0,2436536,50c9509d-22c7-4a22-a47d-8c48425ef4a7
90.476777,27.463423,"Trachypithecus geei Khajuria, 1956",2016.0,3.0,30.0,2436536,50c9509d-22c7-4a22-a47d-8c48425ef4a7
90.484094,27.216344,"Trachypithecus geei Khajuria, 1956",2016.0,4.0,12.0,2436536,50c9509d-22c7-4a22-a47d-8c48425ef4a7
90.637764,27.069712,"Trachypithecus geei Khajuria, 1956",2016.0,5.0,7.0,2436536,926f3dd4-89d9-4cbd-8ed7-32fb6fcfa861
91.744825,26.196462,"Trachypithecus geei Khajuria, 1956",2016.0,10.0,6.0,2436536,50c9509d-22c7-4a22-a47d-8c48425ef4a7
90.737828,26.674336,"Trachypithecus geei Khajuria, 1956",2016.0,12.0,13.0,2436536,50c9509d-22c7-4a22-a47d-8c48425ef4a7
90.505292,27.506037,"Trachypithecus geei Khajuria, 1956",2015.0,2.0,14.0,2436536,50c9509d-22c7-4a22-a47d-8c48425ef4a7
91.777954,26.162511,"Trachypithecus geei Khajuria, 1956",2015.0,2.0,19.0,2436536,50c9509d-22c7-4a22-a47d-8c48425ef4a7
90.41025,27.459601,"Trachypithecus geei Khajuria, 1956",2015.0,3.0,31.0,2436536,50c9509d-22c7-4a22-a47d-8c48425ef4a7
90.596019,27.510544,"Trachypithecus geei Khajuria, 1956",2015.0,3.0,30.0,2436536,50c9509d-22c7-4a22-a47d-8c48425ef4a7
90.417974,27.434264,"Trachypithecus geei Khajuria, 1956",2015.0,4.0,2.0,2436536,50c9509d-22c7-4a22-a47d-8c48425ef4a7
90.675659,27.156921,"Trachypithecus geei Khajuria, 1956",2015.0,4.0,2.0,2436536,926f3dd4-89d9-4cbd-8ed7-32fb6fcfa861
91.162641,26.855526,"Trachypithecus geei Khajuria, 1956",2015.0,4.0,1.0,2436536,50c9509d-22c7-4a22-a47d-8c48425ef4a7
90.762435,27.285556,"Trachypithecus geei Khajuria, 1956",2015.0,4.0,4.0,2436536,50c9509d-22c7-4a22-a47d-8c48425ef4a7
90.621204,27.046604,"Trachypithecus geei Khajuria, 1956",2015.0,4.0,6.0,2436536,50c9509d-22c7-4a22-a47d-8c48425ef4a7
90.472023,27.075089,"Trachypithecus geei Khajuria, 1956",2015.0,4.0,5.0,2436536,50c9509d-22c7-4a22-a47d-8c48425ef4a7
90.729445,27.121692,"Trachypithecus geei Khajuria, 1956",2015.0,4.0,6.0,2436536,50c9509d-22c7-4a22-a47d-8c48425ef4a7
90.719611,27.163746,"Trachypithecus geei Khajuria, 1956",2015.0,4.0,6.0,2436536,50c9509d-22c7-4a22-a47d-8c48425ef4a7
90.614761,27.019969,"Trachypithecus geei Khajuria, 1956",2015.0,4.0,6.0,2436536,50c9509d-22c7-4a22-a47d-8c48425ef4a7
90.727011,27.179346,"Trachypithecus geei Khajuria, 1956",2015.0,4.0,6.0,2436536,50c9509d-22c7-4a22-a47d-8c48425ef4a7
91.020324,26.74599,"Trachypithecus geei Khajuria, 1956",2015.0,5.0,2.0,2436536,50c9509d-22c7-4a22-a47d-8c48425ef4a7
89.878372,27.502928,"Trachypithecus geei Khajuria, 1956",2015.0,10.0,30.0,2436536,926f3dd4-89d9-4cbd-8ed7-32fb6fcfa861
90.673114,27.346599,"Trachypithecus geei Khajuria, 1956",2015.0,11.0,7.0,2436536,50c9509d-22c7-4a22-a47d-8c48425ef4a7
90.791947,27.171243,"Trachypithecus geei Khajuria, 1956",2015.0,11.0,7.0,2436536,50c9509d-22c7-4a22-a47d-8c48425ef4a7
90.499535,26.9513,"Trachypithecus geei Khajuria, 1956",2014.0,2.0,14.0,2436536,926f3dd4-89d9-4cbd-8ed7-32fb6fcfa861
91.744825,26.196462,"Trachypithecus geei Khajuria, 1956",2014.0,11.0,7.0,2436536,50c9509d-22c7-4a22-a47d-8c48425ef4a7
90.798163,27.083673,"Trachypithecus geei Khajuria, 1956",2014.0,11.0,27.0,2436536,50c9509d-22c7-4a22-a47d-8c48425ef4a7
91.744908,26.196492,"Trachypithecus geei Khajuria, 1956",2013.0,5.0,25.0,2436536,50c9509d-22c7-4a22-a47d-8c48425ef4a7
91.744911,26.196493,"Trachypithecus geei Khajuria, 1956",2013.0,8.0,25.0,2436536,c6b86c40-ff71-4e5e-902c-111f400d0d56
91.744908,26.196492,"Trachypithecus geei Khajuria, 1956",2013.0,11.0,17.0,2436536,50c9509d-22c7-4a22-a47d-8c48425ef4a7
93.399376,26.591341,"Trachypithecus geei Khajuria, 1956",2013.0,11.0,5.0,2436536,c6b86c40-ff71-4e5e-902c-111f400d0d56
90.508064,27.500227,"Trachypithecus geei Khajuria, 1956",2012.0,5.0,20.0,2436536,926f3dd4-89d9-4cbd-8ed7-32fb6fcfa861
90.189583,27.015152,"Trachypithecus geei Khajuria, 1956",2012.0,5.0,27.0,2436536,926f3dd4-89d9-4cbd-8ed7-32fb6fcfa861
90.34,26.28,"Trachypithecus geei Khajuria, 1956",2011.0,2.0,28.0,2436536,040c5662-da76-4782-a48e-cdea1892d14c
90.34,26.28,"Trachypithecus geei Khajuria, 1956",2011.0,2.0,28.0,2436536,d8cd16ba-bb74-4420-821e-083f2bac17c2
90.769863,27.00811,"Trachypithecus geei Khajuria, 1956",2011.0,4.0,5.0,2436536,50c9509d-22c7-4a22-a47d-8c48425ef4a7
90.241627,26.620132,"Trachypithecus geei Khajuria, 1956",2008.0,4.0,10.0,2436536,50c9509d-22c7-4a22-a47d-8c48425ef4a7
90.460008,27.491499,"Trachypithecus geei Khajuria, 1956",2007.0,4.0,12.0,2436536,50c9509d-22c7-4a22-a47d-8c48425ef4a7
91.744962,26.196113,"Trachypithecus geei Khajuria, 1956",2007.0,12.0,9.0,2436536,50c9509d-22c7-4a22-a47d-8c48425ef4a7
91.744962,26.196113,"Trachypithecus geei Khajuria, 1956",2007.0,12.0,9.0,2436536,50c9509d-22c7-4a22-a47d-8c48425ef4a7
91.744962,26.196113,"Trachypithecus geei Khajuria, 1956",2007.0,12.0,9.0,2436536,50c9509d-22c7-4a22-a47d-8c48425ef4a7
91.744962,26.196113,"Trachypithecus geei Khajuria, 1956",2007.0,12.0,9.0,2436536,50c9509d-22c7-4a22-a47d-8c48425ef4a7
91.744962,26.196113,"Trachypithecus geei Khajuria, 1956",2007.0,12.0,9.0,2436536,50c9509d-22c7-4a22-a47d-8c48425ef4a7
91.744869,26.196685,"Trachypithecus geei Khajuria, 1956",1998.0,2.0,12.0,2436536,50c9509d-22c7-4a22-a47d-8c48425ef4a7
90.583896,27.16236,"Trachypithecus geei Khajuria, 1956",1994.0,5.0,9.0,2436536,50c9509d-22c7-4a22-a47d-8c48425ef4a7
93.0,26.0,"Trachypithecus geei Khajuria, 1956",,,,2436536,41fc5c40-5e81-496f-9733-6b5681b3b7a5
89.8667,26.7167,"Presbytis geei Khajuria, 1956",,,,8835146,7e380070-f762-11e1-a439-00145eb45e9a
77.071416,9.446685,"Semnopithecus johnii (J.Fischer, 1829)",2025.0,1.0,7.0,5786340,50c9509d-22c7-4a22-a47d-8c48425ef4a7
77.088124,9.462905,"Semnopithecus johnii (J.Fischer, 1829)",2025.0,1.0,7.0,5786340,50c9509d-22c7-4a22-a47d-8c48425ef4a7
77.139585,9.518884,"Semnopithecus johnii (J.Fischer, 1829)",2025.0,1.0,6.0,5786340,50c9509d-22c7-4a22-a47d-8c48425ef4a7
77.112898,9.790429,"Semnopithecus johnii (J.Fischer, 1829)",2025.0,1.0,16.0,5786340,50c9509d-22c7-4a22-a47d-8c48425ef4a7
77.083908,9.629596,"Semnopithecus johnii (J.Fischer, 1829)",2025.0,1.0,10.0,5786340,50c9509d-22c7-4a22-a47d-8c48425ef4a7
77.124302,9.546242,"Semnopithecus johnii (J.Fischer, 1829)",2025.0,1.0,10.0,5786340,50c9509d-22c7-4a22-a47d-8c48425ef4a7
77.209499,9.461575,"Semnopithecus johnii (J.Fischer, 1829)",2025.0,1.0,22.0,5786340,50c9509d-22c7-4a22-a47d-8c48425ef4a7
77.249924,8.604797,"Semnopithecus johnii (J.Fischer, 1829)",2025.0,2.0,20.0,5786340,50c9509d-22c7-4a22-a47d-8c48425ef4a7
77.119554,9.544012,"Semnopithecus johnii (J.Fischer, 1829)",2025.0,2.0,17.0,5786340,50c9509d-22c7-4a22-a47d-8c48425ef4a7
77.054867,9.532401,"Semnopithecus johnii (J.Fischer, 1829)",2025.0,2.0,24.0,5786340,50c9509d-22c7-4a22-a47d-8c48425ef4a7
77.008511,10.139734,"Semnopithecus johnii (J.Fischer, 1829)",2025.0,2.0,21.0,5786340,50c9509d-22c7-4a22-a47d-8c48425ef4a7
77.231121,8.754363,"Semnopithecus johnii (J.Fischer, 1829)",2025.0,2.0,19.0,5786340,50c9509d-22c7-4a22-a47d-8c48425ef4a7
77.06213,9.587399,"Semnopithecus johnii (J.Fischer, 1829)",2025.0,2.0,18.0,5786340,50c9509d-22c7-4a22-a47d-8c48425ef4a7
77.198852,9.415034,"Semnopithecus johnii (J.Fischer, 1829)",2025.0,2.0,18.0,5786340,50c9509d-22c7-4a22-a47d-8c48425ef4a7
77.102994,9.638961,"Semnopithecus johnii (J.Fischer, 1829)",2025.0,2.0,21.0,5786340,50c9509d-22c7-4a22-a47d-8c48425ef4a7
77.109828,9.433078,"Semnopithecus johnii (J.Fischer, 1829)",2025.0,2.0,6.0,5786340,50c9509d-22c7-4a22-a47d-8c48425ef4a7
77.067938,9.433204,"Semnopithecus johnii (J.Fischer, 1829)",2025.0,2.0,18.0,5786340,50c9509d-22c7-4a22-a47d-8c48425ef4a7
76.590052,11.229798,"Semnopithecus johnii (J.Fischer, 1829)",2025.0,3.0,4.0,5786340,50c9509d-22c7-4a22-a47d-8c48425ef4a7
76.670727,10.58409,"Semnopithecus johnii (J.Fischer, 1829)",2025.0,3.0,27.0,5786340,50c9509d-22c7-4a22-a47d-8c48425ef4a7
77.042291,9.545227,"Semnopithecus johnii (J.Fischer, 1829)",2025.0,3.0,16.0,5786340,50c9509d-22c7-4a22-a47d-8c48425ef4a7
76.640199,10.559311,"Semnopithecus johnii (J.Fischer, 1829)",2025.0,3.0,26.0,5786340,50c9509d-22c7-4a22-a47d-8c48425ef4a7
77.196221,9.506374,"Semnopithecus johnii (J.Fischer, 1829)",2025.0,4.0,24.0,5786340,50c9509d-22c7-4a22-a47d-8c48425ef4a7
76.788087,10.378397,"Semnopithecus johnii (J.Fischer, 1829)",2025.0,4.0,27.0,5786340,50c9509d-22c7-4a22-a47d-8c48425ef4a7
76.498553,11.347514,"Semnopithecus johnii (J.Fischer, 1829)",2025.0,4.0,3.0,5786340,50c9509d-22c7-4a22-a47d-8c48425ef4a7
76.895757,10.261357,"Semnopithecus johnii (J.Fischer, 1829)",2025.0,4.0,15.0,5786340,50c9509d-22c7-4a22-a47d-8c48425ef4a7
76.921731,10.40871,"Semnopithecus johnii (J.Fischer, 1829)",2025.0,4.0,20.0,5786340,50c9509d-22c7-4a22-a47d-8c48425ef4a7
76.827979,10.275599,"Semnopithecus johnii (J.Fischer, 1829)",2025.0,4.0,15.0,5786340,50c9509d-22c7-4a22-a47d-8c48425ef4a7
76.859944,10.38575,"Semnopithecus johnii (J.Fischer, 1829)",2025.0,4.0,18.0,5786340,50c9509d-22c7-4a22-a47d-8c48425ef4a7
76.562343,11.726903,"Semnopithecus johnii (J.Fischer, 1829)",2025.0,4.0,7.0,5786340,50c9509d-22c7-4a22-a47d-8c48425ef4a7
77.174744,10.074384,"Semnopithecus johnii (J.Fischer, 1829)",2025.0,7.0,12.0,5786340,50c9509d-22c7-4a22-a47d-8c48425ef4a7
76.487789,11.145385,"Semnopithecus johnii (J.Fischer, 1829)",2025.0,7.0,12.0,5786340,50c9509d-22c7-4a22-a47d-8c48425ef4a7
77.139602,10.087589,"Semnopithecus johnii (J.Fischer, 1829)",2025.0,7.0,14.0,5786340,50c9509d-22c7-4a22-a47d-8c48425ef4a7
77.272421,10.103712,"Semnopithecus johnii (J.Fischer, 1829)",2025.0,7.0,11.0,5786340,50c9509d-22c7-4a22-a47d-8c48425ef4a7
77.069645,10.068566,"Semnopithecus johnii (J.Fischer, 1829)",2025.0,8.0,8.0,5786340,50c9509d-22c7-4a22-a47d-8c48425ef4a7
77.003571,11.636754,"Semnopithecus johnii (J.Fischer, 1829)",2025.0,8.0,30.0,5786340,50c9509d-22c7-4a22-a47d-8c48425ef4a7
76.547213,11.310231,"Semnopithecus johnii (J.Fischer, 1829)",2025.0,8.0,11.0,5786340,50c9509d-22c7-4a22-a47d-8c48425ef4a7
76.822225,10.371527,"Semnopithecus johnii (J.Fischer, 1829)",2025.0,9.0,7.0,5786340,50c9509d-22c7-4a22-a47d-8c48425ef4a7
76.880954,10.365569,"Semnopithecus johnii (J.Fischer, 1829)",2025.0,9.0,7.0,5786340,50c9509d-22c7-4a22-a47d-8c48425ef4a7
76.942797,10.237775,"Semnopithecus johnii (J.Fischer, 1829)",2025.0,9.0,8.0,5786340,50c9509d-22c7-4a22-a47d-8c48425ef4a7
76.88085,10.329796,"Semnopithecus johnii (J.Fischer, 1829)",2025.0,9.0,7.0,5786340,50c9509d-22c7-4a22-a47d-8c48425ef4a7
77.18511,10.266121,"Semnopithecus johnii (J.Fischer, 1829)",2025.0,9.0,7.0,5786340,50c9509d-22c7-4a22-a47d-8c48425ef4a7
76.890592,10.237178,"Semnopithecus johnii (J.Fischer, 1829)",2025.0,9.0,7.0,5786340,50c9509d-22c7-4a22-a47d-8c48425ef4a7
76.845345,10.233069,"Semnopithecus johnii (J.Fischer, 1829)",2025.0,9.0,7.0,5786340,50c9509d-22c7-4a22-a47d-8c48425ef4a7
77.146298,9.702464,"Semnopithecus johnii (J.Fischer, 1829)",2025.0,9.0,19.0,5786340,50c9509d-22c7-4a22-a47d-8c48425ef4a7
76.653901,10.585129,"Semnopithecus johnii (J.Fischer, 1829)",2025.0,9.0,6.0,5786340,50c9509d-22c7-4a22-a47d-8c48425ef4a7
77.339343,10.003057,"Semnopithecus johnii (J.Fischer, 1829)",2025.0,10.0,6.0,5786340,50c9509d-22c7-4a22-a47d-8c48425ef4a7
76.075485,11.522302,"Semnopithecus johnii (J.Fischer, 1829)",2025.0,10.0,5.0,5786340,50c9509d-22c7-4a22-a47d-8c48425ef4a7
77.189536,10.032276,"Semnopithecus johnii (J.Fischer, 1829)",2025.0,11.0,13.0,5786340,50c9509d-22c7-4a22-a47d-8c48425ef4a7
77.113752,10.126895,"Semnopithecus johnii (J.Fischer, 1829)",2025.0,11.0,13.0,5786340,50c9509d-22c7-4a22-a47d-8c48425ef4a7
77.108132,9.413267,"Semnopithecus johnii (J.Fischer, 1829)",2025.0,11.0,1.0,5786340,50c9509d-22c7-4a22-a47d-8c48425ef4a7
76.61431,11.311675,"Semnopithecus johnii (J.Fischer, 1829)",2024.0,1.0,17.0,5786340,50c9509d-22c7-4a22-a47d-8c48425ef4a7
77.014445,9.63052,"Semnopithecus johnii (J.Fischer, 1829)",2024.0,1.0,17.0,5786340,50c9509d-22c7-4a22-a47d-8c48425ef4a7
77.34418,9.581684,"Semnopithecus johnii (J.Fischer, 1829)",2024.0,1.0,26.0,5786340,50c9509d-22c7-4a22-a47d-8c48425ef4a7
76.638836,11.533635,"Semnopithecus johnii (J.Fischer, 1829)",2024.0,1.0,19.0,5786340,50c9509d-22c7-4a22-a47d-8c48425ef4a7
77.137165,9.439621,"Semnopithecus johnii (J.Fischer, 1829)",2024.0,1.0,24.0,5786340,50c9509d-22c7-4a22-a47d-8c48425ef4a7
77.080491,9.548407,"Semnopithecus johnii (J.Fischer, 1829)",2024.0,1.0,24.0,5786340,50c9509d-22c7-4a22-a47d-8c48425ef4a7
77.04639,9.423849,"Semnopithecus johnii (J.Fischer, 1829)",2024.0,1.0,24.0,5786340,50c9509d-22c7-4a22-a47d-8c48425ef4a7
76.509516,11.337179,"Semnopithecus johnii (J.Fischer, 1829)",2024.0,1.0,3.0,5786340,50c9509d-22c7-4a22-a47d-8c48425ef4a7
76.937117,10.351469,"Semnopithecus johnii (J.Fischer, 1829)",2024.0,1.0,25.0,5786340,4099f348-4ec0-4fca-99e6-ad5c3eb3c05a
76.934813,10.349341,"Semnopithecus johnii (J.Fischer, 1829)",2024.0,1.0,25.0,5786340,4099f348-4ec0-4fca-99e6-ad5c3eb3c05a
77.125652,9.669245,"Semnopithecus johnii (J.Fischer, 1829)",2024.0,2.0,2.0,5786340,50c9509d-22c7-4a22-a47d-8c48425ef4a7
77.251166,9.588026,"Semnopithecus johnii (J.Fischer, 1829)",2024.0,2.0,10.0,5786340,50c9509d-22c7-4a22-a47d-8c48425ef4a7
77.213349,9.544535,"Semnopithecus johnii (J.Fischer, 1829)",2024.0,2.0,12.0,5786340,50c9509d-22c7-4a22-a47d-8c48425ef4a7
77.012686,9.727432,"Semnopithecus johnii (J.Fischer, 1829)",2024.0,2.0,9.0,5786340,50c9509d-22c7-4a22-a47d-8c48425ef4a7
77.157687,9.785335,"Semnopithecus johnii (J.Fischer, 1829)",2024.0,2.0,9.0,5786340,50c9509d-22c7-4a22-a47d-8c48425ef4a7
76.93486,10.344385,"Semnopithecus johnii (J.Fischer, 1829)",2024.0,2.0,10.0,5786340,4099f348-4ec0-4fca-99e6-ad5c3eb3c05a
76.935597,10.354402,"Semnopithecus johnii (J.Fischer, 1829)",2024.0,2.0,26.0,5786340,4099f348-4ec0-4fca-99e6-ad5c3eb3c05a
76.93497,10.349652,"Semnopithecus johnii (J.Fischer, 1829)",2024.0,2.0,15.0,5786340,4099f348-4ec0-4fca-99e6-ad5c3eb3c05a
76.928297,10.360549,"Semnopithecus johnii (J.Fischer, 1829)",2024.0,2.0,18.0,5786340,4099f348-4ec0-4fca-99e6-ad5c3eb3c05a
76.935292,10.350039,"Semnopithecus johnii (J.Fischer, 1829)",2024.0,2.0,15.0,5786340,4099f348-4ec0-4fca-99e6-ad5c3eb3c05a
76.943146,10.356096,"Semnopithecus johnii (J.Fischer, 1829)",2024.0,2.0,12.0,5786340,4099f348-4ec0-4fca-99e6-ad5c3eb3c05a
76.919151,10.346008,"Semnopithecus johnii (J.Fischer, 1829)",2024.0,2.0,5.0,5786340,4099f348-4ec0-4fca-99e6-ad5c3eb3c05a
76.934658,10.34926,"Semnopithecus johnii (J.Fischer, 1829)",2024.0,2.0,3.0,5786340,4099f348-4ec0-4fca-99e6-ad5c3eb3c05a
76.929261,10.358245,"Semnopithecus johnii (J.Fischer, 1829)",2024.0,2.0,13.0,5786340,4099f348-4ec0-4fca-99e6-ad5c3eb3c05a
76.92737,10.358846,"Semnopithecus johnii (J.Fischer, 1829)",2024.0,2.0,18.0,5786340,4099f348-4ec0-4fca-99e6-ad5c3eb3c05a
76.871931,10.308446,"Semnopithecus johnii (J.Fischer, 1829)",2024.0,2.0,29.0,5786340,4099f348-4ec0-4fca-99e6-ad5c3eb3c05a
76.99317,10.394372,"Semnopithecus johnii (J.Fischer, 1829)",2024.0,2.0,17.0,5786340,4099f348-4ec0-4fca-99e6-ad5c3eb3c05a
76.935387,10.350322,"Semnopithecus johnii (J.Fischer, 1829)",2024.0,2.0,19.0,5786340,4099f348-4ec0-4fca-99e6-ad5c3eb3c05a
76.934572,10.349248,"Semnopithecus johnii (J.Fischer, 1829)",2024.0,2.0,21.0,5786340,4099f348-4ec0-4fca-99e6-ad5c3eb3c05a
76.934571,10.349073,"Semnopithecus johnii (J.Fischer, 1829)",2024.0,2.0,28.0,5786340,4099f348-4ec0-4fca-99e6-ad5c3eb3c05a
76.903855,10.344751,"Semnopithecus johnii (J.Fischer, 1829)",2024.0,2.0,5.0,5786340,4099f348-4ec0-4fca-99e6-ad5c3eb3c05a
76.934982,10.349601,"Semnopithecus johnii (J.Fischer, 1829)",2024.0,2.0,14.0,5786340,4099f348-4ec0-4fca-99e6-ad5c3eb3c05a
76.935418,10.358459,"Semnopithecus johnii (J.Fischer, 1829)",2024.0,2.0,9.0,5786340,4099f348-4ec0-4fca-99e6-ad5c3eb3c05a
77.134993,9.545676,"Semnopithecus johnii (J.Fischer, 1829)",2024.0,3.0,1.0,5786340,50c9509d-22c7-4a22-a47d-8c48425ef4a7
77.034026,9.54079,"Semnopithecus johnii (J.Fischer, 1829)",2024.0,3.0,1.0,5786340,50c9509d-22c7-4a22-a47d-8c48425ef4a7
77.243442,10.162547,"Semnopithecus johnii (J.Fischer, 1829)",2024.0,3.0,25.0,5786340,50c9509d-22c7-4a22-a47d-8c48425ef4a7
77.237271,10.144777,"Semnopithecus johnii (J.Fischer, 1829)",2024.0,3.0,25.0,5786340,50c9509d-22c7-4a22-a47d-8c48425ef4a7
77.370375,10.153743,"Semnopithecus johnii (J.Fischer, 1829)",2024.0,3.0,25.0,5786340,50c9509d-22c7-4a22-a47d-8c48425ef4a7
77.360807,10.093424,"Semnopithecus johnii (J.Fischer, 1829)",2024.0,3.0,25.0,5786340,50c9509d-22c7-4a22-a47d-8c48425ef4a7
77.367478,10.08011,"Semnopithecus johnii (J.Fischer, 1829)",2024.0,3.0,25.0,5786340,50c9509d-22c7-4a22-a47d-8c48425ef4a7
76.632291,10.509359,"Semnopithecus johnii (J.Fischer, 1829)",2024.0,3.0,23.0,5786340,50c9509d-22c7-4a22-a47d-8c48425ef4a7
76.660943,11.515821,"Semnopithecus johnii (J.Fischer, 1829)",2024.0,3.0,7.0,5786340,50c9509d-22c7-4a22-a47d-8c48425ef4a7
76.934702,10.34908,"Semnopithecus johnii (J.Fischer, 1829)",2024.0,3.0,18.0,5786340,4099f348-4ec0-4fca-99e6-ad5c3eb3c05a
76.835366,10.310264,"Semnopithecus johnii (J.Fischer, 1829)",2024.0,3.0,8.0,5786340,4099f348-4ec0-4fca-99e6-ad5c3eb3c05a
76.970599,10.34519,"Semnopithecus johnii (J.Fischer, 1829)",2024.0,3.0,13.0,5786340,4099f348-4ec0-4fca-99e6-ad5c3eb3c05a
76.969314,10.344235,"Semnopithecus johnii (J.Fischer, 1829)",2024.0,3.0,27.0,5786340,4099f348-4ec0-4fca-99e6-ad5c3eb3c05a
76.936931,10.351296,"Semnopithecus johnii (J.Fischer, 1829)",2024.0,3.0,31.0,5786340,4099f348-4ec0-4fca-99e6-ad5c3eb3c05a
76.836004,10.309712,"Semnopithecus johnii (J.Fischer, 1829)",2024.0,3.0,20.0,5786340,4099f348-4ec0-4fca-99e6-ad5c3eb3c05a
76.935994,10.350613,"Semnopithecus johnii (J.Fischer, 1829)",2024.0,3.0,18.0,5786340,4099f348-4ec0-4fca-99e6-ad5c3eb3c05a
76.969181,10.341399,"Semnopithecus johnii (J.Fischer, 1829)",2024.0,3.0,5.0,5786340,4099f348-4ec0-4fca-99e6-ad5c3eb3c05a
76.835375,10.3134,"Semnopithecus johnii (J.Fischer, 1829)",2024.0,3.0,21.0,5786340,4099f348-4ec0-4fca-99e6-ad5c3eb3c05a
77.007703,10.290389,"Semnopithecus johnii (J.Fischer, 1829)",2024.0,3.0,10.0,5786340,4099f348-4ec0-4fca-99e6-ad5c3eb3c05a
76.934464,10.348557,"Semnopithecus johnii (J.Fischer, 1829)",2024.0,3.0,6.0,5786340,4099f348-4ec0-4fca-99e6-ad5c3eb3c05a
76.934394,10.348919,"Semnopithecus johnii (J.Fischer, 1829)",2024.0,3.0,8.0,5786340,4099f348-4ec0-4fca-99e6-ad5c3eb3c05a
76.897873,10.319806,"Semnopithecus johnii (J.Fischer, 1829)",2024.0,3.0,27.0,5786340,4099f348-4ec0-4fca-99e6-ad5c3eb3c05a
76.956959,10.405444,"Semnopithecus johnii (J.Fischer, 1829)",2024.0,3.0,10.0,5786340,4099f348-4ec0-4fca-99e6-ad5c3eb3c05a
76.835837,10.312668,"Semnopithecus johnii (J.Fischer, 1829)",2024.0,3.0,20.0,5786340,4099f348-4ec0-4fca-99e6-ad5c3eb3c05a
76.935123,10.349742,"Semnopithecus johnii (J.Fischer, 1829)",2024.0,3.0,1.0,5786340,4099f348-4ec0-4fca-99e6-ad5c3eb3c05a
76.84111,10.303439,"Semnopithecus johnii (J.Fischer, 1829)",2024.0,3.0,23.0,5786340,4099f348-4ec0-4fca-99e6-ad5c3eb3c05a
76.933724,10.342773,"Semnopithecus johnii (J.Fischer, 1829)",2024.0,3.0,11.0,5786340,4099f348-4ec0-4fca-99e6-ad5c3eb3c05a
76.93617,10.359305,"Semnopithecus johnii (J.Fischer, 1829)",2024.0,3.0,8.0,5786340,4099f348-4ec0-4fca-99e6-ad5c3eb3c05a
76.895617,10.288427,"Semnopithecus johnii (J.Fischer, 1829)",2024.0,3.0,14.0,5786340,4099f348-4ec0-4fca-99e6-ad5c3eb3c05a
76.840804,10.304536,"Semnopithecus johnii (J.Fischer, 1829)",2024.0,3.0,19.0,5786340,4099f348-4ec0-4fca-99e6-ad5c3eb3c05a
76.929791,10.355736,"Semnopithecus johnii (J.Fischer, 1829)",2024.0,3.0,8.0,5786340,4099f348-4ec0-4fca-99e6-ad5c3eb3c05a
76.959573,10.309571,"Semnopithecus johnii (J.Fischer, 1829)",2024.0,3.0,10.0,5786340,4099f348-4ec0-4fca-99e6-ad5c3eb3c05a
77.019318,10.331676,"Semnopithecus johnii (J.Fischer, 1829)",2024.0,3.0,9.0,5786340,4099f348-4ec0-4fca-99e6-ad5c3eb3c05a
76.985564,10.290135,"Semnopithecus johnii (J.Fischer, 1829)",2024.0,3.0,10.0,5786340,4099f348-4ec0-4fca-99e6-ad5c3eb3c05a
76.933661,10.34273,"Semnopithecus johnii (J.Fischer, 1829)",2024.0,3.0,5.0,5786340,4099f348-4ec0-4fca-99e6-ad5c3eb3c05a
76.875462,10.290054,"Semnopithecus johnii (J.Fischer, 1829)",2024.0,3.0,13.0,5786340,4099f348-4ec0-4fca-99e6-ad5c3eb3c05a
76.972075,10.457117,"Semnopithecus johnii (J.Fischer, 1829)",2024.0,3.0,18.0,5786340,4099f348-4ec0-4fca-99e6-ad5c3eb3c05a
76.841643,10.303437,"Semnopithecus johnii (J.Fischer, 1829)",2024.0,3.0,22.0,5786340,4099f348-4ec0-4fca-99e6-ad5c3eb3c05a
77.199639,9.742375,"Semnopithecus johnii (J.Fischer, 1829)",2024.0,4.0,9.0,5786340,50c9509d-22c7-4a22-a47d-8c48425ef4a7
77.439202,8.291114,"Semnopithecus johnii (J.Fischer, 1829)",2024.0,4.0,13.0,5786340,50c9509d-22c7-4a22-a47d-8c48425ef4a7
77.130905,9.774319,"Semnopithecus johnii (J.Fischer, 1829)",2024.0,4.0,9.0,5786340,50c9509d-22c7-4a22-a47d-8c48425ef4a7
77.110627,10.010125,"Semnopithecus johnii (J.Fischer, 1829)",2024.0,4.0,20.0,5786340,50c9509d-22c7-4a22-a47d-8c48425ef4a7
76.788443,10.301056,"Semnopithecus johnii (J.Fischer, 1829)",2024.0,4.0,26.0,5786340,4099f348-4ec0-4fca-99e6-ad5c3eb3c05a
76.877341,10.398976,"Semnopithecus johnii (J.Fischer, 1829)",2024.0,4.0,18.0,5786340,4099f348-4ec0-4fca-99e6-ad5c3eb3c05a
76.892779,10.35751,"Semnopithecus johnii (J.Fischer, 1829)",2024.0,4.0,16.0,5786340,4099f348-4ec0-4fca-99e6-ad5c3eb3c05a
76.93487,10.34977,"Semnopithecus johnii (J.Fischer, 1829)",2024.0,4.0,25.0,5786340,4099f348-4ec0-4fca-99e6-ad5c3eb3c05a
76.937236,10.353112,"Semnopithecus johnii (J.Fischer, 1829)",2024.0,4.0,16.0,5786340,4099f348-4ec0-4fca-99e6-ad5c3eb3c05a
76.934744,10.3492,"Semnopithecus johnii (J.Fischer, 1829)",2024.0,4.0,6.0,5786340,4099f348-4ec0-4fca-99e6-ad5c3eb3c05a
76.934865,10.349384,"Semnopithecus johnii (J.Fischer, 1829)",2024.0,4.0,4.0,5786340,4099f348-4ec0-4fca-99e6-ad5c3eb3c05a
76.885387,10.357727,"Semnopithecus johnii (J.Fischer, 1829)",2024.0,4.0,18.0,5786340,4099f348-4ec0-4fca-99e6-ad5c3eb3c05a
76.605372,10.30123,"Semnopithecus johnii (J.Fischer, 1829)",2024.0,4.0,26.0,5786340,4099f348-4ec0-4fca-99e6-ad5c3eb3c05a
76.935889,10.359184,"Semnopithecus johnii (J.Fischer, 1829)",2024.0,4.0,3.0,5786340,4099f348-4ec0-4fca-99e6-ad5c3eb3c05a
76.88802,10.312756,"Semnopithecus johnii (J.Fischer, 1829)",2024.0,4.0,26.0,5786340,4099f348-4ec0-4fca-99e6-ad5c3eb3c05a
76.934687,10.349103,"Semnopithecus johnii (J.Fischer, 1829)",2024.0,4.0,20.0,5786340,4099f348-4ec0-4fca-99e6-ad5c3eb3c05a
76.8783,10.37532,"Semnopithecus johnii (J.Fischer, 1829)",2024.0,4.0,18.0,5786340,4099f348-4ec0-4fca-99e6-ad5c3eb3c05a
76.855812,10.310918,"Semnopithecus johnii (J.Fischer, 1829)",2024.0,4.0,25.0,5786340,4099f348-4ec0-4fca-99e6-ad5c3eb3c05a
77.264151,9.543252,"Semnopithecus johnii (J.Fischer, 1829)",2024.0,5.0,23.0,5786340,50c9509d-22c7-4a22-a47d-8c48425ef4a7
77.003425,10.019283,"Semnopithecus johnii (J.Fischer, 1829)",2024.0,5.0,27.0,5786340,50c9509d-22c7-4a22-a47d-8c48425ef4a7
76.835013,10.312885,"Semnopithecus johnii (J.Fischer, 1829)",2024.0,5.0,30.0,5786340,4099f348-4ec0-4fca-99e6-ad5c3eb3c05a
76.834378,10.311727,"Semnopithecus johnii (J.Fischer, 1829)",2024.0,5.0,22.0,5786340,4099f348-4ec0-4fca-99e6-ad5c3eb3c05a
76.933588,10.342965,"Semnopithecus johnii (J.Fischer, 1829)",2024.0,5.0,11.0,5786340,4099f348-4ec0-4fca-99e6-ad5c3eb3c05a
76.930579,10.35831,"Semnopithecus johnii (J.Fischer, 1829)",2024.0,5.0,11.0,5786340,4099f348-4ec0-4fca-99e6-ad5c3eb3c05a
76.927847,10.359798,"Semnopithecus johnii (J.Fischer, 1829)",2024.0,5.0,11.0,5786340,4099f348-4ec0-4fca-99e6-ad5c3eb3c05a
76.908875,10.308845,"Semnopithecus johnii (J.Fischer, 1829)",2024.0,5.0,26.0,5786340,4099f348-4ec0-4fca-99e6-ad5c3eb3c05a
76.936908,10.35136,"Semnopithecus johnii (J.Fischer, 1829)",2024.0,5.0,11.0,5786340,4099f348-4ec0-4fca-99e6-ad5c3eb3c05a
76.925924,10.324597,"Semnopithecus johnii (J.Fischer, 1829)",2024.0,5.0,26.0,5786340,4099f348-4ec0-4fca-99e6-ad5c3eb3c05a
76.933855,10.342858,"Semnopithecus johnii (J.Fischer, 1829)",2024.0,5.0,14.0,5786340,4099f348-4ec0-4fca-99e6-ad5c3eb3c05a
76.935048,10.350082,"Semnopithecus johnii (J.Fischer, 1829)",2024.0,5.0,14.0,5786340,4099f348-4ec0-4fca-99e6-ad5c3eb3c05a
76.934727,10.349381,"Semnopithecus johnii (J.Fischer, 1829)",2024.0,5.0,8.0,5786340,4099f348-4ec0-4fca-99e6-ad5c3eb3c05a
76.996504,10.348986,"Semnopithecus johnii (J.Fischer, 1829)",2024.0,5.0,13.0,5786340,4099f348-4ec0-4fca-99e6-ad5c3eb3c05a
76.934865,10.349862,"Semnopithecus johnii (J.Fischer, 1829)",2024.0,5.0,11.0,5786340,4099f348-4ec0-4fca-99e6-ad5c3eb3c05a
76.93473,10.349131,"Semnopithecus johnii (J.Fischer, 1829)",2024.0,5.0,7.0,5786340,4099f348-4ec0-4fca-99e6-ad5c3eb3c05a
76.935502,10.350076,"Semnopithecus johnii (J.Fischer, 1829)",2024.0,5.0,6.0,5786340,4099f348-4ec0-4fca-99e6-ad5c3eb3c05a
77.163877,10.035447,"Semnopithecus johnii (J.Fischer, 1829)",2024.0,6.0,5.0,5786340,50c9509d-22c7-4a22-a47d-8c48425ef4a7
75.958229,11.976014,"Semnopithecus johnii (J.Fischer, 1829)",2024.0,6.0,7.0,5786340,50c9509d-22c7-4a22-a47d-8c48425ef4a7
77.093081,10.041689,"Semnopithecus johnii (J.Fischer, 1829)",2024.0,6.0,6.0,5786340,50c9509d-22c7-4a22-a47d-8c48425ef4a7
76.934678,10.348978,"Semnopithecus johnii (J.Fischer, 1829)",2024.0,6.0,28.0,5786340,4099f348-4ec0-4fca-99e6-ad5c3eb3c05a
76.947534,10.566657,"Semnopithecus johnii (J.Fischer, 1829)",2024.0,6.0,5.0,5786340,50c9509d-22c7-4a22-a47d-8c48425ef4a7
76.896177,10.39275,"Semnopithecus johnii (J.Fischer, 1829)",2024.0,7.0,21.0,5786340,50c9509d-22c7-4a22-a47d-8c48425ef4a7
77.140664,9.462844,"Semnopithecus johnii (J.Fischer, 1829)",2024.0,7.0,30.0,5786340,50c9509d-22c7-4a22-a47d-8c48425ef4a7
77.03074,10.325867,"Semnopithecus johnii (J.Fischer, 1829)",2024.0,7.0,23.0,5786340,4099f348-4ec0-4fca-99e6-ad5c3eb3c05a
76.980245,10.454342,"Semnopithecus johnii (J.Fischer, 1829)",2024.0,7.0,7.0,5786340,4099f348-4ec0-4fca-99e6-ad5c3eb3c05a
76.914031,10.389586,"Semnopithecus johnii (J.Fischer, 1829)",2024.0,8.0,17.0,5786340,50c9509d-22c7-4a22-a47d-8c48425ef4a7
77.00591,9.45793,"Semnopithecus johnii (J.Fischer, 1829)",2024.0,8.0,15.0,5786340,50c9509d-22c7-4a22-a47d-8c48425ef4a7
77.092047,10.194977,"Semnopithecus johnii (J.Fischer, 1829)",2024.0,8.0,25.0,5786340,50c9509d-22c7-4a22-a47d-8c48425ef4a7
76.934653,10.357304,"Semnopithecus johnii (J.Fischer, 1829)",2024.0,8.0,7.0,5786340,4099f348-4ec0-4fca-99e6-ad5c3eb3c05a
76.722065,10.308943,"Semnopithecus johnii (J.Fischer, 1829)",2024.0,8.0,23.0,5786340,4099f348-4ec0-4fca-99e6-ad5c3eb3c05a
76.670477,10.29243,"Semnopithecus johnii (J.Fischer, 1829)",2024.0,8.0,23.0,5786340,4099f348-4ec0-4fca-99e6-ad5c3eb3c05a
76.725023,10.309945,"Semnopithecus johnii (J.Fischer, 1829)",2024.0,8.0,23.0,5786340,4099f348-4ec0-4fca-99e6-ad5c3eb3c05a
76.720727,10.310619,"Semnopithecus johnii (J.Fischer, 1829)",2024.0,8.0,23.0,5786340,4099f348-4ec0-4fca-99e6-ad5c3eb3c05a
76.902484,10.345289,"Semnopithecus johnii (J.Fischer, 1829)",2024.0,8.0,13.0,5786340,4099f348-4ec0-4fca-99e6-ad5c3eb3c05a
76.834729,10.307398,"Semnopithecus johnii (J.Fischer, 1829)",2024.0,8.0,12.0,5786340,4099f348-4ec0-4fca-99e6-ad5c3eb3c05a
76.834436,10.298773,"Semnopithecus johnii (J.Fischer, 1829)",2024.0,8.0,23.0,5786340,4099f348-4ec0-4fca-99e6-ad5c3eb3c05a
76.850901,10.279649,"Semnopithecus johnii (J.Fischer, 1829)",2024.0,8.0,23.0,5786340,4099f348-4ec0-4fca-99e6-ad5c3eb3c05a
76.933512,10.341025,"Semnopithecus johnii (J.Fischer, 1829)",2024.0,8.0,5.0,5786340,4099f348-4ec0-4fca-99e6-ad5c3eb3c05a
76.889576,10.357858,"Semnopithecus johnii (J.Fischer, 1829)",2024.0,8.0,13.0,5786340,4099f348-4ec0-4fca-99e6-ad5c3eb3c05a
76.935395,10.350032,"Semnopithecus johnii (J.Fischer, 1829)",2024.0,8.0,5.0,5786340,4099f348-4ec0-4fca-99e6-ad5c3eb3c05a
76.935089,10.349632,"Semnopithecus johnii (J.Fischer, 1829)",2024.0,8.0,17.0,5786340,4099f348-4ec0-4fca-99e6-ad5c3eb3c05a
76.836048,10.311636,"Semnopithecus johnii (J.Fischer, 1829)",2024.0,8.0,5.0,5786340,4099f348-4ec0-4fca-99e6-ad5c3eb3c05a
76.846329,10.283296,"Semnopithecus johnii (J.Fischer, 1829)",2024.0,8.0,23.0,5786340,4099f348-4ec0-4fca-99e6-ad5c3eb3c05a
76.803689,10.293319,"Semnopithecus johnii (J.Fischer, 1829)",2024.0,8.0,23.0,5786340,4099f348-4ec0-4fca-99e6-ad5c3eb3c05a
76.715855,10.312199,"Semnopithecus johnii (J.Fischer, 1829)",2024.0,8.0,23.0,5786340,4099f348-4ec0-4fca-99e6-ad5c3eb3c05a
76.879324,10.32748,"Semnopithecus johnii (J.Fischer, 1829)",2024.0,8.0,27.0,5786340,50c9509d-22c7-4a22-a47d-8c48425ef4a7
76.863567,10.402508,"Semnopithecus johnii (J.Fischer, 1829)",2024.0,9.0,11.0,5786340,50c9509d-22c7-4a22-a47d-8c48425ef4a7
76.765054,11.288906,"Semnopithecus johnii (J.Fischer, 1829)",2024.0,9.0,20.0,5786340,50c9509d-22c7-4a22-a47d-8c48425ef4a7
76.638977,11.271391,"Semnopithecus johnii (J.Fischer, 1829)",2024.0,9.0,20.0,5786340,50c9509d-22c7-4a22-a47d-8c48425ef4a7
76.669317,11.395903,"Semnopithecus johnii (J.Fischer, 1829)",2024.0,9.0,20.0,5786340,50c9509d-22c7-4a22-a47d-8c48425ef4a7
76.841214,10.303081,"Semnopithecus johnii (J.Fischer, 1829)",2024.0,9.0,6.0,5786340,4099f348-4ec0-4fca-99e6-ad5c3eb3c05a
76.934735,10.349174,"Semnopithecus johnii (J.Fischer, 1829)",2024.0,9.0,9.0,5786340,4099f348-4ec0-4fca-99e6-ad5c3eb3c05a
77.005283,10.286576,"Semnopithecus johnii (J.Fischer, 1829)",2024.0,9.0,6.0,5786340,4099f348-4ec0-4fca-99e6-ad5c3eb3c05a
76.882783,10.301997,"Semnopithecus johnii (J.Fischer, 1829)",2024.0,9.0,9.0,5786340,4099f348-4ec0-4fca-99e6-ad5c3eb3c05a
76.933735,10.342737,"Semnopithecus johnii (J.Fischer, 1829)",2024.0,9.0,12.0,5786340,4099f348-4ec0-4fca-99e6-ad5c3eb3c05a
76.936381,10.337823,"Semnopithecus johnii (J.Fischer, 1829)",2024.0,9.0,5.0,5786340,4099f348-4ec0-4fca-99e6-ad5c3eb3c05a
76.400273,11.447621,"Semnopithecus johnii (J.Fischer, 1829)",2024.0,9.0,7.0,5786340,50c9509d-22c7-4a22-a47d-8c48425ef4a7
76.777497,10.53658,"Semnopithecus johnii (J.Fischer, 1829)",2024.0,10.0,18.0,5786340,50c9509d-22c7-4a22-a47d-8c48425ef4a7
76.631139,10.472408,"Semnopithecus johnii (J.Fischer, 1829)",2024.0,10.0,7.0,5786340,50c9509d-22c7-4a22-a47d-8c48425ef4a7
77.41377,8.271308,"Semnopithecus johnii (J.Fischer, 1829)",2024.0,10.0,20.0,5786340,50c9509d-22c7-4a22-a47d-8c48425ef4a7
77.188024,9.549436,"Semnopithecus johnii (J.Fischer, 1829)",2024.0,10.0,29.0,5786340,50c9509d-22c7-4a22-a47d-8c48425ef4a7
77.323214,9.48988,"Semnopithecus johnii (J.Fischer, 1829)",2024.0,10.0,29.0,5786340,50c9509d-22c7-4a22-a47d-8c48425ef4a7
76.765977,10.404465,"Semnopithecus johnii (J.Fischer, 1829)",2024.0,10.0,18.0,5786340,50c9509d-22c7-4a22-a47d-8c48425ef4a7
76.510441,11.315415,"Semnopithecus johnii (J.Fischer, 1829)",2024.0,10.0,29.0,5786340,50c9509d-22c7-4a22-a47d-8c48425ef4a7
76.710935,10.532359,"Semnopithecus johnii (J.Fischer, 1829)",2024.0,10.0,18.0,5786340,50c9509d-22c7-4a22-a47d-8c48425ef4a7
76.573615,11.390426,"Semnopithecus johnii (J.Fischer, 1829)",2024.0,10.0,5.0,5786340,50c9509d-22c7-4a22-a47d-8c48425ef4a7
77.157659,9.582884,"Semnopithecus johnii (J.Fischer, 1829)",2024.0,10.0,19.0,5786340,50c9509d-22c7-4a22-a47d-8c48425ef4a7
77.133787,9.412554,"Semnopithecus johnii (J.Fischer, 1829)",2024.0,10.0,29.0,5786340,50c9509d-22c7-4a22-a47d-8c48425ef4a7
76.461418,11.301388,"Semnopithecus johnii (J.Fischer, 1829)",2024.0,10.0,29.0,5786340,50c9509d-22c7-4a22-a47d-8c48425ef4a7
77.033578,10.082263,"Semnopithecus johnii (J.Fischer, 1829)",2024.0,10.0,8.0,5786340,50c9509d-22c7-4a22-a47d-8c48425ef4a7
77.380096,9.422414,"Semnopithecus johnii (J.Fischer, 1829)",2024.0,10.0,31.0,5786340,50c9509d-22c7-4a22-a47d-8c48425ef4a7
77.264895,10.072322,"Semnopithecus johnii (J.Fischer, 1829)",2024.0,10.0,3.0,5786340,50c9509d-22c7-4a22-a47d-8c48425ef4a7
77.061742,10.310826,"Semnopithecus johnii (J.Fischer, 1829)",2024.0,10.0,6.0,5786340,50c9509d-22c7-4a22-a47d-8c48425ef4a7
77.109763,9.431948,"Semnopithecus johnii (J.Fischer, 1829)",2024.0,11.0,4.0,5786340,50c9509d-22c7-4a22-a47d-8c48425ef4a7
76.445713,11.442181,"Semnopithecus johnii (J.Fischer, 1829)",2024.0,11.0,21.0,5786340,50c9509d-22c7-4a22-a47d-8c48425ef4a7
76.960005,10.440248,"Semnopithecus johnii (J.Fischer, 1829)",2024.0,11.0,25.0,5786340,50c9509d-22c7-4a22-a47d-8c48425ef4a7
76.89193,10.555708,"Semnopithecus johnii (J.Fischer, 1829)",2024.0,11.0,25.0,5786340,50c9509d-22c7-4a22-a47d-8c48425ef4a7
76.98947,10.410406,"Semnopithecus johnii (J.Fischer, 1829)",2024.0,11.0,25.0,5786340,50c9509d-22c7-4a22-a47d-8c48425ef4a7
76.957431,10.480424,"Semnopithecus johnii (J.Fischer, 1829)",2024.0,11.0,25.0,5786340,50c9509d-22c7-4a22-a47d-8c48425ef4a7
76.992753,10.44929,"Semnopithecus johnii (J.Fischer, 1829)",2024.0,11.0,25.0,5786340,50c9509d-22c7-4a22-a47d-8c48425ef4a7
76.980748,10.562432,"Semnopithecus johnii (J.Fischer, 1829)",2024.0,11.0,25.0,5786340,50c9509d-22c7-4a22-a47d-8c48425ef4a7
76.902045,10.451476,"Semnopithecus johnii (J.Fischer, 1829)",2024.0,11.0,25.0,5786340,50c9509d-22c7-4a22-a47d-8c48425ef4a7
76.998639,10.533586,"Semnopithecus johnii (J.Fischer, 1829)",2024.0,11.0,25.0,5786340,50c9509d-22c7-4a22-a47d-8c48425ef4a7
76.845091,10.265626,"Semnopithecus johnii (J.Fischer, 1829)",2024.0,12.0,17.0,5786340,50c9509d-22c7-4a22-a47d-8c48425ef4a7
76.887066,10.305629,"Semnopithecus johnii (J.Fischer, 1829)",2024.0,12.0,17.0,5786340,50c9509d-22c7-4a22-a47d-8c48425ef4a7
77.299847,10.103203,"Semnopithecus johnii (J.Fischer, 1829)",2024.0,12.0,19.0,5786340,50c9509d-22c7-4a22-a47d-8c48425ef4a7
77.208103,9.513964,"Semnopithecus johnii (J.Fischer, 1829)",2024.0,12.0,28.0,5786340,50c9509d-22c7-4a22-a47d-8c48425ef4a7
77.055929,9.571261,"Semnopithecus johnii (J.Fischer, 1829)",2024.0,12.0,28.0,5786340,50c9509d-22c7-4a22-a47d-8c48425ef4a7
76.910659,10.335962,"Semnopithecus johnii (J.Fischer, 1829)",2024.0,12.0,17.0,5786340,50c9509d-22c7-4a22-a47d-8c48425ef4a7
77.358085,9.452897,"Semnopithecus johnii (J.Fischer, 1829)",2024.0,12.0,28.0,5786340,50c9509d-22c7-4a22-a47d-8c48425ef4a7
77.073518,10.055917,"Semnopithecus johnii (J.Fischer, 1829)",2024.0,12.0,18.0,5786340,50c9509d-22c7-4a22-a47d-8c48425ef4a7
76.109999,11.443904,"Semnopithecus johnii (J.Fischer, 1829)",2024.0,12.0,25.0,5786340,50c9509d-22c7-4a22-a47d-8c48425ef4a7
76.936278,10.246573,"Semnopithecus johnii (J.Fischer, 1829)",2024.0,12.0,16.0,5786340,50c9509d-22c7-4a22-a47d-8c48425ef4a7
77.32488,10.143514,"Semnopithecus johnii (J.Fischer, 1829)",2024.0,12.0,31.0,5786340,50c9509d-22c7-4a22-a47d-8c48425ef4a7
77.310419,10.035234,"Semnopithecus johnii (J.Fischer, 1829)",2024.0,12.0,31.0,5786340,50c9509d-22c7-4a22-a47d-8c48425ef4a7
76.82368,10.286415,"Semnopithecus johnii (J.Fischer, 1829)",2024.0,12.0,24.0,5786340,50c9509d-22c7-4a22-a47d-8c48425ef4a7
76.811546,10.55752,"Semnopithecus johnii (J.Fischer, 1829)",2024.0,12.0,15.0,5786340,50c9509d-22c7-4a22-a47d-8c48425ef4a7
76.860357,10.551461,"Semnopithecus johnii (J.Fischer, 1829)",2023.0,1.0,6.0,5786340,50c9509d-22c7-4a22-a47d-8c48425ef4a7
77.169489,9.741141,"Semnopithecus johnii (J.Fischer, 1829)",2023.0,1.0,5.0,5786340,50c9509d-22c7-4a22-a47d-8c48425ef4a7
77.096095,9.438296,"Semnopithecus johnii (J.Fischer, 1829)",2023.0,1.0,27.0,5786340,50c9509d-22c7-4a22-a47d-8c48425ef4a7
77.140618,9.586036,"Semnopithecus johnii (J.Fischer, 1829)",2023.0,1.0,27.0,5786340,50c9509d-22c7-4a22-a47d-8c48425ef4a7
77.153362,9.434458,"Semnopithecus johnii (J.Fischer, 1829)",2023.0,1.0,26.0,5786340,50c9509d-22c7-4a22-a47d-8c48425ef4a7
77.157576,9.562815,"Semnopithecus johnii (J.Fischer, 1829)",2023.0,1.0,26.0,5786340,50c9509d-22c7-4a22-a47d-8c48425ef4a7
77.163368,9.403968,"Semnopithecus johnii (J.Fischer, 1829)",2023.0,1.0,28.0,5786340,50c9509d-22c7-4a22-a47d-8c48425ef4a7
77.04965,9.590568,"Semnopithecus johnii (J.Fischer, 1829)",2023.0,1.0,28.0,5786340,50c9509d-22c7-4a22-a47d-8c48425ef4a7
77.489771,8.546591,"Semnopithecus johnii (J.Fischer, 1829)",2023.0,1.0,2.0,5786340,50c9509d-22c7-4a22-a47d-8c48425ef4a7
76.93626,10.359246,"Semnopithecus johnii (J.Fischer, 1829)",2023.0,1.0,9.0,5786340,f6a1c126-1719-4a8f-be6a-299b389ce86a
76.936175,10.359254,"Semnopithecus johnii (J.Fischer, 1829)",2023.0,1.0,4.0,5786340,f6a1c126-1719-4a8f-be6a-299b389ce86a
76.904996,10.308138,"Semnopithecus johnii (J.Fischer, 1829)",2023.0,1.0,11.0,5786340,f6a1c126-1719-4a8f-be6a-299b389ce86a
77.060769,9.500613,"Semnopithecus johnii (J.Fischer, 1829)",2023.0,2.0,28.0,5786340,50c9509d-22c7-4a22-a47d-8c48425ef4a7
77.132472,9.594585,"Semnopithecus johnii (J.Fischer, 1829)",2023.0,3.0,28.0,5786340,50c9509d-22c7-4a22-a47d-8c48425ef4a7
76.931734,10.34699,"Semnopithecus johnii (J.Fischer, 1829)",2023.0,3.0,30.0,5786340,f6a1c126-1719-4a8f-be6a-299b389ce86a
77.002477,10.365076,"Semnopithecus johnii (J.Fischer, 1829)",2023.0,3.0,14.0,5786340,f6a1c126-1719-4a8f-be6a-299b389ce86a
76.985492,10.290383,"Semnopithecus johnii (J.Fischer, 1829)",2023.0,3.0,17.0,5786340,f6a1c126-1719-4a8f-be6a-299b389ce86a
76.84837,10.417619,"Semnopithecus johnii (J.Fischer, 1829)",2023.0,3.0,8.0,5786340,50c9509d-22c7-4a22-a47d-8c48425ef4a7
76.963929,10.214572,"Semnopithecus johnii (J.Fischer, 1829)",2023.0,3.0,29.0,5786340,50c9509d-22c7-4a22-a47d-8c48425ef4a7
76.887225,10.265273,"Semnopithecus johnii (J.Fischer, 1829)",2023.0,4.0,17.0,5786340,50c9509d-22c7-4a22-a47d-8c48425ef4a7
77.316849,8.498297,"Semnopithecus johnii (J.Fischer, 1829)",2023.0,4.0,18.0,5786340,50c9509d-22c7-4a22-a47d-8c48425ef4a7
77.496388,8.590436,"Semnopithecus johnii (J.Fischer, 1829)",2023.0,4.0,17.0,5786340,50c9509d-22c7-4a22-a47d-8c48425ef4a7
76.924979,10.24448,"Semnopithecus johnii (J.Fischer, 1829)",2023.0,4.0,26.0,5786340,50c9509d-22c7-4a22-a47d-8c48425ef4a7
77.422041,8.476555,"Semnopithecus johnii (J.Fischer, 1829)",2023.0,4.0,18.0,5786340,50c9509d-22c7-4a22-a47d-8c48425ef4a7
77.086719,10.157621,"Semnopithecus johnii (J.Fischer, 1829)",2023.0,4.0,14.0,5786340,50c9509d-22c7-4a22-a47d-8c48425ef4a7
77.28494,8.484516,"Semnopithecus johnii (J.Fischer, 1829)",2023.0,4.0,18.0,5786340,50c9509d-22c7-4a22-a47d-8c48425ef4a7
76.89009,10.359113,"Semnopithecus johnii (J.Fischer, 1829)",2023.0,4.0,3.0,5786340,f6a1c126-1719-4a8f-be6a-299b389ce86a
76.624796,11.318447,"Semnopithecus johnii (J.Fischer, 1829)",2023.0,4.0,4.0,5786340,50c9509d-22c7-4a22-a47d-8c48425ef4a7
76.493644,10.277179,"Semnopithecus johnii (J.Fischer, 1829)",2023.0,4.0,6.0,5786340,50c9509d-22c7-4a22-a47d-8c48425ef4a7
77.131894,9.58698,"Semnopithecus johnii (J.Fischer, 1829)",2023.0,5.0,1.0,5786340,50c9509d-22c7-4a22-a47d-8c48425ef4a7
76.733746,10.545213,"Semnopithecus johnii (J.Fischer, 1829)",2023.0,5.0,28.0,5786340,50c9509d-22c7-4a22-a47d-8c48425ef4a7
76.717931,10.510389,"Semnopithecus johnii (J.Fischer, 1829)",2023.0,5.0,28.0,5786340,50c9509d-22c7-4a22-a47d-8c48425ef4a7
76.840064,10.304093,"Semnopithecus johnii (J.Fischer, 1829)",2023.0,5.0,9.0,5786340,f6a1c126-1719-4a8f-be6a-299b389ce86a
77.306225,9.437601,"Semnopithecus johnii (J.Fischer, 1829)",2023.0,5.0,24.0,5786340,50c9509d-22c7-4a22-a47d-8c48425ef4a7
77.10349,9.764708,"Semnopithecus johnii (J.Fischer, 1829)",2023.0,6.0,14.0,5786340,50c9509d-22c7-4a22-a47d-8c48425ef4a7
77.589657,10.35889,"Semnopithecus johnii (J.Fischer, 1829)",2023.0,7.0,13.0,5786340,50c9509d-22c7-4a22-a47d-8c48425ef4a7
77.178429,9.49399,"Semnopithecus johnii (J.Fischer, 1829)",2023.0,7.0,10.0,5786340,50c9509d-22c7-4a22-a47d-8c48425ef4a7
76.952016,10.539973,"Semnopithecus johnii (J.Fischer, 1829)",2023.0,7.0,26.0,5786340,50c9509d-22c7-4a22-a47d-8c48425ef4a7
77.174195,10.036327,"Semnopithecus johnii (J.Fischer, 1829)",2023.0,8.0,25.0,5786340,50c9509d-22c7-4a22-a47d-8c48425ef4a7
77.062404,9.733689,"Semnopithecus johnii (J.Fischer, 1829)",2023.0,8.0,14.0,5786340,50c9509d-22c7-4a22-a47d-8c48425ef4a7
77.08181,10.134,"Semnopithecus johnii (J.Fischer, 1829)",2023.0,8.0,25.0,5786340,50c9509d-22c7-4a22-a47d-8c48425ef4a7
77.147826,10.099591,"Semnopithecus johnii (J.Fischer, 1829)",2023.0,9.0,27.0,5786340,50c9509d-22c7-4a22-a47d-8c48425ef4a7
77.336938,10.03111,"Semnopithecus johnii (J.Fischer, 1829)",2023.0,10.0,29.0,5786340,50c9509d-22c7-4a22-a47d-8c48425ef4a7
77.155771,10.330114,"Semnopithecus johnii (J.Fischer, 1829)",2023.0,10.0,18.0,5786340,50c9509d-22c7-4a22-a47d-8c48425ef4a7
76.561747,11.309479,"Semnopithecus johnii (J.Fischer, 1829)",2023.0,10.0,15.0,5786340,50c9509d-22c7-4a22-a47d-8c48425ef4a7
76.679424,10.54088,"Semnopithecus johnii (J.Fischer, 1829)",2023.0,11.0,17.0,5786340,50c9509d-22c7-4a22-a47d-8c48425ef4a7
77.193964,9.519958,"Semnopithecus johnii (J.Fischer, 1829)",2023.0,12.0,1.0,5786340,50c9509d-22c7-4a22-a47d-8c48425ef4a7
76.775467,10.545378,"Semnopithecus johnii (J.Fischer, 1829)",2023.0,12.0,7.0,5786340,50c9509d-22c7-4a22-a47d-8c48425ef4a7
76.624495,11.312382,"Semnopithecus johnii (J.Fischer, 1829)",2023.0,12.0,6.0,5786340,c6b86c40-ff71-4e5e-902c-111f400d0d56
76.631416,10.580317,"Semnopithecus johnii (J.Fischer, 1829)",2023.0,12.0,26.0,5786340,50c9509d-22c7-4a22-a47d-8c48425ef4a7
76.993672,10.348993,"Semnopithecus johnii (J.Fischer, 1829)",2022.0,1.0,31.0,5786340,f6a1c126-1719-4a8f-be6a-299b389ce86a
77.068258,10.114246,"Semnopithecus johnii (J.Fischer, 1829)",2022.0,1.0,15.0,5786340,50c9509d-22c7-4a22-a47d-8c48425ef4a7
76.931817,10.351001,"Semnopithecus johnii (J.Fischer, 1829)",2022.0,2.0,8.0,5786340,f6a1c126-1719-4a8f-be6a-299b389ce86a
77.015701,9.603391,"Semnopithecus johnii (J.Fischer, 1829)",2022.0,3.0,27.0,5786340,50c9509d-22c7-4a22-a47d-8c48425ef4a7
76.634408,10.0205,"Semnopithecus johnii (J.Fischer, 1829)",2022.0,3.0,27.0,5786340,50c9509d-22c7-4a22-a47d-8c48425ef4a7
76.661291,10.124936,"Semnopithecus johnii (J.Fischer, 1829)",2022.0,3.0,27.0,5786340,50c9509d-22c7-4a22-a47d-8c48425ef4a7
77.195735,10.024979,"Semnopithecus johnii (J.Fischer, 1829)",2022.0,4.0,15.0,5786340,50c9509d-22c7-4a22-a47d-8c48425ef4a7
76.989511,10.450474,"Semnopithecus johnii (J.Fischer, 1829)",2022.0,6.0,8.0,5786340,50c9509d-22c7-4a22-a47d-8c48425ef4a7
76.936211,10.349914,"Semnopithecus johnii (J.Fischer, 1829)",2022.0,6.0,3.0,5786340,f6a1c126-1719-4a8f-be6a-299b389ce86a
77.010092,9.516376,"Semnopithecus johnii (J.Fischer, 1829)",2022.0,6.0,16.0,5786340,50c9509d-22c7-4a22-a47d-8c48425ef4a7
76.890197,10.359862,"Semnopithecus johnii (J.Fischer, 1829)",2022.0,8.0,17.0,5786340,f6a1c126-1719-4a8f-be6a-299b389ce86a
76.702633,10.246897,"Semnopithecus johnii (J.Fischer, 1829)",2022.0,9.0,21.0,5786340,50c9509d-22c7-4a22-a47d-8c48425ef4a7
76.834082,10.308403,"Semnopithecus johnii (J.Fischer, 1829)",2022.0,9.0,24.0,5786340,f6a1c126-1719-4a8f-be6a-299b389ce86a
91.588657,24.156595,"Trachypithecus phayrei (Blyth, 1847)",2025.0,1.0,8.0,2436540,50c9509d-22c7-4a22-a47d-8c48425ef4a7
91.54666,24.048375,"Trachypithecus phayrei (Blyth, 1847)",2025.0,1.0,8.0,2436540,50c9509d-22c7-4a22-a47d-8c48425ef4a7
91.547338,24.17144,"Trachypithecus phayrei (Blyth, 1847)",2025.0,1.0,8.0,2436540,50c9509d-22c7-4a22-a47d-8c48425ef4a7
92.357549,24.562087,"Trachypithecus phayrei (Blyth, 1847)",2025.0,2.0,18.0,2436540,50c9509d-22c7-4a22-a47d-8c48425ef4a7
92.339655,24.346678,"Trachypithecus phayrei (Blyth, 1847)",2025.0,2.0,25.0,2436540,50c9509d-22c7-4a22-a47d-8c48425ef4a7
92.242678,24.52752,"Trachypithecus phayrei (Blyth, 1847)",2025.0,2.0,28.0,2436540,50c9509d-22c7-4a22-a47d-8c48425ef4a7
92.375707,24.200011,"Trachypithecus phayrei (Blyth, 1847)",2025.0,2.0,25.0,2436540,50c9509d-22c7-4a22-a47d-8c48425ef4a7
92.297538,24.53138,"Trachypithecus phayrei (Blyth, 1847)",2025.0,3.0,9.0,2436540,50c9509d-22c7-4a22-a47d-8c48425ef4a7
92.256085,24.406003,"Trachypithecus phayrei (Blyth, 1847)",2025.0,4.0,6.0,2436540,50c9509d-22c7-4a22-a47d-8c48425ef4a7
92.351183,24.270844,"Trachypithecus phayrei (Blyth, 1847)",2025.0,4.0,6.0,2436540,50c9509d-22c7-4a22-a47d-8c48425ef4a7
92.299247,24.53786,"Trachypithecus phayrei (Blyth, 1847)",2025.0,4.0,6.0,2436540,50c9509d-22c7-4a22-a47d-8c48425ef4a7
91.683302,24.218118,"Trachypithecus phayrei (Blyth, 1847)",2025.0,8.0,30.0,2436540,50c9509d-22c7-4a22-a47d-8c48425ef4a7
91.640804,24.26007,"Trachypithecus phayrei (Blyth, 1847)",2025.0,9.0,27.0,2436540,50c9509d-22c7-4a22-a47d-8c48425ef4a7
92.318932,24.784943,"Trachypithecus phayrei (Blyth, 1847)",2024.0,10.0,14.0,2436540,50c9509d-22c7-4a22-a47d-8c48425ef4a7
91.605151,24.383346,"Trachypithecus phayrei (Blyth, 1847)",2024.0,12.0,15.0,2436540,50c9509d-22c7-4a22-a47d-8c48425ef4a7
92.394617,24.504019,"Trachypithecus phayrei (Blyth, 1847)",2024.0,12.0,11.0,2436540,50c9509d-22c7-4a22-a47d-8c48425ef4a7
92.329289,24.536315,"Trachypithecus phayrei (Blyth, 1847)",2024.0,12.0,6.0,2436540,50c9509d-22c7-4a22-a47d-8c48425ef4a7
92.268223,24.501796,"Trachypithecus phayrei (Blyth, 1847)",2023.0,1.0,11.0,2436540,50c9509d-22c7-4a22-a47d-8c48425ef4a7
92.250118,24.416568,"Trachypithecus phayrei (Blyth, 1847)",2023.0,1.0,7.0,2436540,50c9509d-22c7-4a22-a47d-8c48425ef4a7
91.980943,24.292689,"Trachypithecus phayrei (Blyth, 1847)",2023.0,2.0,19.0,2436540,50c9509d-22c7-4a22-a47d-8c48425ef4a7
91.640902,24.373641,"Trachypithecus phayrei (Blyth, 1847)",2023.0,3.0,6.0,2436540,50c9509d-22c7-4a22-a47d-8c48425ef4a7
94.692272,17.822667,"Trachypithecus phayrei (Blyth, 1847)",2023.0,3.0,30.0,2436540,50c9509d-22c7-4a22-a47d-8c48425ef4a7
91.600547,24.217993,"Trachypithecus phayrei (Blyth, 1847)",2023.0,6.0,17.0,2436540,50c9509d-22c7-4a22-a47d-8c48425ef4a7
91.658115,24.353439,"Trachypithecus phayrei (Blyth, 1847)",2023.0,8.0,23.0,2436540,50c9509d-22c7-4a22-a47d-8c48425ef4a7
91.765808,24.21247,"Trachypithecus phayrei (Blyth, 1847)",2023.0,8.0,18.0,2436540,50c9509d-22c7-4a22-a47d-8c48425ef4a7
94.436342,18.92834,"Trachypithecus phayrei (Blyth, 1847)",2023.0,8.0,9.0,2436540,50c9509d-22c7-4a22-a47d-8c48425ef4a7
91.599316,24.065965,"Trachypithecus phayrei (Blyth, 1847)",2023.0,10.0,22.0,2436540,50c9509d-22c7-4a22-a47d-8c48425ef4a7
91.454454,24.096205,"Trachypithecus phayrei (Blyth, 1847)",2023.0,10.0,23.0,2436540,50c9509d-22c7-4a22-a47d-8c48425ef4a7
94.69061,18.667263,"Trachypithecus phayrei (Blyth, 1847)",2023.0,11.0,9.0,2436540,50c9509d-22c7-4a22-a47d-8c48425ef4a7
91.737419,24.214786,"Trachypithecus phayrei (Blyth, 1847)",2023.0,12.0,29.0,2436540,50c9509d-22c7-4a22-a47d-8c48425ef4a7
91.562597,24.099825,"Trachypithecus phayrei (Blyth, 1847)",2022.0,2.0,3.0,2436540,50c9509d-22c7-4a22-a47d-8c48425ef4a7
91.619853,24.277746,"Trachypithecus phayrei (Blyth, 1847)",2022.0,2.0,18.0,2436540,50c9509d-22c7-4a22-a47d-8c48425ef4a7
92.090808,24.565927,"Trachypithecus phayrei (Blyth, 1847)",2022.0,3.0,26.0,2436540,50c9509d-22c7-4a22-a47d-8c48425ef4a7
91.72,24.32,"Trachypithecus phayrei (Blyth, 1847)",2022.0,3.0,5.0,2436540,d8cd16ba-bb74-4420-821e-083f2bac17c2
94.577106,16.903644,"Trachypithecus phayrei (Blyth, 1847)",2022.0,4.0,20.0,2436540,50c9509d-22c7-4a22-a47d-8c48425ef4a7
91.602239,24.319664,"Trachypithecus phayrei (Blyth, 1847)",2022.0,5.0,13.0,2436540,50c9509d-22c7-4a22-a47d-8c48425ef4a7
91.61847,24.3918,"Trachypithecus phayrei (Blyth, 1847)",2022.0,12.0,15.0,2436540,50c9509d-22c7-4a22-a47d-8c48425ef4a7
91.619913,24.503394,"Trachypithecus phayrei (Blyth, 1847)",2022.0,12.0,23.0,2436540,50c9509d-22c7-4a22-a47d-8c48425ef4a7
92.349222,24.540656,"Trachypithecus phayrei (Blyth, 1847)",2021.0,1.0,3.0,2436540,50c9509d-22c7-4a22-a47d-8c48425ef4a7
91.531937,24.101839,"Trachypithecus phayrei (Blyth, 1847)",2021.0,5.0,28.0,2436540,50c9509d-22c7-4a22-a47d-8c48425ef4a7
91.457149,24.208688,"Trachypithecus phayrei (Blyth, 1847)",2021.0,6.0,7.0,2436540,50c9509d-22c7-4a22-a47d-8c48425ef4a7
92.191074,24.441162,"Trachypithecus phayrei (Blyth, 1847)",2021.0,11.0,29.0,2436540,50c9509d-22c7-4a22-a47d-8c48425ef4a7
92.219563,24.590966,"Trachypithecus phayrei (Blyth, 1847)",2021.0,12.0,18.0,2436540,50c9509d-22c7-4a22-a47d-8c48425ef4a7
92.37788,24.513894,"Trachypithecus phayrei (Blyth, 1847)",2021.0,12.0,18.0,2436540,50c9509d-22c7-4a22-a47d-8c48425ef4a7
92.244309,24.566458,"Trachypithecus phayrei (Blyth, 1847)",2021.0,12.0,4.0,2436540,50c9509d-22c7-4a22-a47d-8c48425ef4a7
91.709089,24.199848,"Trachypithecus phayrei (Blyth, 1847)",2021.0,12.0,20.0,2436540,50c9509d-22c7-4a22-a47d-8c48425ef4a7
91.556996,24.032622,"Trachypithecus phayrei (Blyth, 1847)",2020.0,1.0,28.0,2436540,50c9509d-22c7-4a22-a47d-8c48425ef4a7
92.87614,26.386768,"Trachypithecus phayrei (Blyth, 1847)",2020.0,2.0,7.0,2436540,50c9509d-22c7-4a22-a47d-8c48425ef4a7
92.351604,24.562138,"Trachypithecus phayrei (Blyth, 1847)",2020.0,2.0,4.0,2436540,50c9509d-22c7-4a22-a47d-8c48425ef4a7
92.20926,24.485057,"Trachypithecus phayrei (Blyth, 1847)",2020.0,2.0,4.0,2436540,50c9509d-22c7-4a22-a47d-8c48425ef4a7
92.351604,24.562138,"Trachypithecus phayrei (Blyth, 1847)",2020.0,2.0,4.0,2436540,c6b86c40-ff71-4e5e-902c-111f400d0d56
92.22969,24.417239,"Trachypithecus phayrei (Blyth, 1847)",2020.0,2.0,2.0,2436540,50c9509d-22c7-4a22-a47d-8c48425ef4a7
92.398232,24.497977,"Trachypithecus phayrei (Blyth, 1847)",2020.0,5.0,18.0,2436540,50c9509d-22c7-4a22-a47d-8c48425ef4a7
92.342495,24.545545,"Trachypithecus phayrei (Blyth, 1847)",2020.0,9.0,27.0,2436540,50c9509d-22c7-4a22-a47d-8c48425ef4a7
91.864733,24.155175,"Trachypithecus phayrei (Blyth, 1847)",2020.0,10.0,17.0,2436540,50c9509d-22c7-4a22-a47d-8c48425ef4a7
91.683296,24.228421,"Trachypithecus phayrei (Blyth, 1847)",2019.0,1.0,17.0,2436540,50c9509d-22c7-4a22-a47d-8c48425ef4a7
99.0,23.25,"Trachypithecus phayrei (Blyth, 1847)",2019.0,8.0,10.0,2436540,84b5b072-2832-4c72-ad17-eb90bcb0c5ac
91.738634,24.202106,"Trachypithecus phayrei (Blyth, 1847)",2019.0,10.0,24.0,2436540,50c9509d-22c7-4a22-a47d-8c48425ef4a7
92.362878,24.502465,"Trachypithecus phayrei (Blyth, 1847)",2018.0,1.0,21.0,2436540,50c9509d-22c7-4a22-a47d-8c48425ef4a7
92.314768,24.497701,"Trachypithecus phayrei (Blyth, 1847)",2018.0,1.0,21.0,2436540,c6b86c40-ff71-4e5e-902c-111f400d0d56
92.359153,24.864913,"Trachypithecus phayrei (Blyth, 1847)",2018.0,1.0,20.0,2436540,c6b86c40-ff71-4e5e-902c-111f400d0d56
92.355777,24.497188,"Trachypithecus phayrei (Blyth, 1847)",2018.0,1.0,21.0,2436540,50c9509d-22c7-4a22-a47d-8c48425ef4a7
91.439717,24.132624,"Trachypithecus phayrei (Blyth, 1847)",2018.0,2.0,25.0,2436540,50c9509d-22c7-4a22-a47d-8c48425ef4a7
91.761015,24.221296,"Trachypithecus phayrei (Blyth, 1847)",2018.0,3.0,20.0,2436540,50c9509d-22c7-4a22-a47d-8c48425ef4a7
92.353753,24.40803,"Trachypithecus phayrei (Blyth, 1847)",2018.0,8.0,5.0,2436540,50c9509d-22c7-4a22-a47d-8c48425ef4a7
91.30627,23.900141,"Trachypithecus phayrei (Blyth, 1847)",2018.0,12.0,20.0,2436540,50c9509d-22c7-4a22-a47d-8c48425ef4a7
91.238483,23.913913,"Trachypithecus phayrei (Blyth, 1847)",2018.0,12.0,20.0,2436540,50c9509d-22c7-4a22-a47d-8c48425ef4a7
91.247685,23.996759,"Trachypithecus phayrei (Blyth, 1847)",2018.0,12.0,20.0,2436540,50c9509d-22c7-4a22-a47d-8c48425ef4a7
91.229847,23.915445,"Trachypithecus phayrei (Blyth, 1847)",2018.0,12.0,20.0,2436540,50c9509d-22c7-4a22-a47d-8c48425ef4a7
91.69928,24.235476,"Trachypithecus phayrei (Blyth, 1847)",2018.0,12.0,7.0,2436540,50c9509d-22c7-4a22-a47d-8c48425ef4a7
92.203064,24.455019,"Trachypithecus phayrei (Blyth, 1847)",2017.0,1.0,8.0,2436540,c6b86c40-ff71-4e5e-902c-111f400d0d56
98.133333,24.933333,"Trachypithecus phayrei (Blyth, 1847)",2017.0,1.0,12.0,2436540,84b5b072-2832-4c72-ad17-eb90bcb0c5ac
92.203067,24.455019,"Trachypithecus phayrei (Blyth, 1847)",2017.0,1.0,8.0,2436540,50c9509d-22c7-4a22-a47d-8c48425ef4a7
91.935293,24.36262,"Trachypithecus phayrei (Blyth, 1847)",2017.0,3.0,8.0,2436540,50c9509d-22c7-4a22-a47d-8c48425ef4a7
99.218792,15.631211,"Trachypithecus phayrei (Blyth, 1847)",2017.0,3.0,12.0,2436540,84b5b072-2832-4c72-ad17-eb90bcb0c5ac
99.217,15.6324,"Trachypithecus phayrei (Blyth, 1847)",2017.0,3.0,11.0,2436540,84b5b072-2832-4c72-ad17-eb90bcb0c5ac
92.75622,24.689737,"Trachypithecus phayrei (Blyth, 1847)",2017.0,4.0,23.0,2436540,c6b86c40-ff71-4e5e-902c-111f400d0d56
92.392292,24.578479,"Trachypithecus phayrei (Blyth, 1847)",2017.0,8.0,20.0,2436540,50c9509d-22c7-4a22-a47d-8c48425ef4a7
92.2918,24.450753,"Trachypithecus phayrei (Blyth, 1847)",2017.0,11.0,25.0,2436540,50c9509d-22c7-4a22-a47d-8c48425ef4a7
92.328009,24.536355,"Trachypithecus phayrei (Blyth, 1847)",2017.0,11.0,25.0,2436540,50c9509d-22c7-4a22-a47d-8c48425ef4a7
92.238401,24.528922,"Trachypithecus phayrei (Blyth, 1847)",2017.0,11.0,5.0,2436540,50c9509d-22c7-4a22-a47d-8c48425ef4a7
92.32724,24.453655,"Trachypithecus phayrei (Blyth, 1847)",2017.0,11.0,26.0,2436540,50c9509d-22c7-4a22-a47d-8c48425ef4a7
92.375319,24.575549,"Trachypithecus phayrei (Blyth, 1847)",2017.0,12.0,2.0,2436540,50c9509d-22c7-4a22-a47d-8c48425ef4a7
92.259536,24.430133,"Trachypithecus phayrei (Blyth, 1847)",2016.0,3.0,13.0,2436540,50c9509d-22c7-4a22-a47d-8c48425ef4a7
91.787147,24.324919,"Trachypithecus phayrei (Blyth, 1847)",2016.0,3.0,,2436540,d3b6cb30-0a64-4f82-91ea-0bb14637ee17
91.442406,24.126794,"Trachypithecus phayrei (Blyth, 1847)",2016.0,3.0,,2436540,d3b6cb30-0a64-4f82-91ea-0bb14637ee17
92.277739,24.463492,"Trachypithecus phayrei (Blyth, 1847)",2016.0,4.0,10.0,2436540,50c9509d-22c7-4a22-a47d-8c48425ef4a7
91.666632,24.259804,"Trachypithecus phayrei (Blyth, 1847)",2016.0,7.0,18.0,2436540,50c9509d-22c7-4a22-a47d-8c48425ef4a7
91.787147,24.324919,"Trachypithecus phayrei (Blyth, 1847)",2016.0,8.0,,2436540,d3b6cb30-0a64-4f82-91ea-0bb14637ee17
91.787147,24.324919,"Trachypithecus phayrei (Blyth, 1847)",2016.0,10.0,,2436540,d3b6cb30-0a64-4f82-91ea-0bb14637ee17
92.304558,24.653175,"Trachypithecus phayrei (Blyth, 1847)",2015.0,3.0,1.0,2436540,50c9509d-22c7-4a22-a47d-8c48425ef4a7
91.749773,24.345038,"Trachypithecus phayrei (Blyth, 1847)",2015.0,6.0,22.0,2436540,50c9509d-22c7-4a22-a47d-8c48425ef4a7
91.682206,24.343587,"Trachypithecus phayrei (Blyth, 1847)",2015.0,6.0,22.0,2436540,50c9509d-22c7-4a22-a47d-8c48425ef4a7
91.706108,24.206327,"Trachypithecus phayrei (Blyth, 1847)",2015.0,7.0,12.0,2436540,50c9509d-22c7-4a22-a47d-8c48425ef4a7
91.623908,24.359606,"Trachypithecus phayrei (Blyth, 1847)",2015.0,7.0,12.0,2436540,50c9509d-22c7-4a22-a47d-8c48425ef4a7
92.222109,24.689805,"Trachypithecus phayrei (Blyth, 1847)",2015.0,9.0,27.0,2436540,50c9509d-22c7-4a22-a47d-8c48425ef4a7
92.501715,24.559765,"Trachypithecus phayrei (Blyth, 1847)",2014.0,3.0,16.0,2436540,50c9509d-22c7-4a22-a47d-8c48425ef4a7
91.7285,24.296654,"Trachypithecus phayrei (Blyth, 1847)",2014.0,6.0,17.0,2436540,50c9509d-22c7-4a22-a47d-8c48425ef4a7
92.366982,24.526115,"Trachypithecus phayrei (Blyth, 1847)",2014.0,8.0,24.0,2436540,c6b86c40-ff71-4e5e-902c-111f400d0d56
92.260354,24.605936,"Trachypithecus phayrei (Blyth, 1847)",2014.0,8.0,24.0,2436540,50c9509d-22c7-4a22-a47d-8c48425ef4a7
92.320379,24.632036,"Trachypithecus phayrei (Blyth, 1847)",2013.0,3.0,17.0,2436540,50c9509d-22c7-4a22-a47d-8c48425ef4a7
92.444656,24.658497,"Trachypithecus phayrei (Blyth, 1847)",2013.0,11.0,24.0,2436540,c6b86c40-ff71-4e5e-902c-111f400d0d56
91.7827,24.210589,"Trachypithecus phayrei (Blyth, 1847)",2013.0,11.0,28.0,2436540,50c9509d-22c7-4a22-a47d-8c48425ef4a7
92.335153,24.641145,"Trachypithecus phayrei (Blyth, 1847)",2013.0,11.0,24.0,2436540,50c9509d-22c7-4a22-a47d-8c48425ef4a7
91.640233,24.740308,"Trachypithecus phayrei (Blyth, 1847)",2013.0,11.0,29.0,2436540,50c9509d-22c7-4a22-a47d-8c48425ef4a7
92.288381,24.442613,"Trachypithecus phayrei (Blyth, 1847)",2011.0,3.0,13.0,2436540,50c9509d-22c7-4a22-a47d-8c48425ef4a7
92.365947,24.641698,"Trachypithecus phayrei (Blyth, 1847)",2011.0,3.0,13.0,2436540,50c9509d-22c7-4a22-a47d-8c48425ef4a7
91.401138,24.147097,"Trachypithecus phayrei (Blyth, 1847)",2010.0,2.0,28.0,2436540,50c9509d-22c7-4a22-a47d-8c48425ef4a7
91.675212,24.239129,"Trachypithecus phayrei (Blyth, 1847)",2010.0,3.0,21.0,2436540,50c9509d-22c7-4a22-a47d-8c48425ef4a7
92.383438,24.607288,"Trachypithecus phayrei (Blyth, 1847)",2009.0,3.0,16.0,2436540,c6b86c40-ff71-4e5e-902c-111f400d0d56
92.666745,24.7382,"Trachypithecus phayrei (Blyth, 1847)",2007.0,4.0,3.0,2436540,50c9509d-22c7-4a22-a47d-8c48425ef4a7
98.76,25.2949,"Trachypithecus phayrei (Blyth, 1847)",2002.0,6.0,,2436540,2599eef3-f643-48a3-aa03-346ec2df7451
99.420847,15.708765,"Trachypithecus phayrei (Blyth, 1847)",1988.0,3.0,5.0,2436540,84b5b072-2832-4c72-ad17-eb90bcb0c5ac
99.183333,15.533333,"Trachypithecus phayrei (Blyth, 1847)",1981.0,3.0,21.0,2436540,7f6dd0f7-9ed4-49c0-bb71-b2a9c7fed9f1
98.916672,14.91667,"Trachypithecus phayrei (Blyth, 1847)",1967.0,1.0,13.0,2436540,41fc5c40-5e81-496f-9733-6b5681b3b7a5
98.916672,14.91667,"Trachypithecus phayrei (Blyth, 1847)",1967.0,1.0,13.0,2436540,41fc5c40-5e81-496f-9733-6b5681b3b7a5
98.916672,14.91667,"Trachypithecus phayrei (Blyth, 1847)",1967.0,1.0,13.0,2436540,41fc5c40-5e81-496f-9733-6b5681b3b7a5
98.916672,14.91667,"Trachypithecus phayrei (Blyth, 1847)",1967.0,1.0,14.0,2436540,41fc5c40-5e81-496f-9733-6b5681b3b7a5
98.866669,14.68333,"Trachypithecus phayrei (Blyth, 1847)",1967.0,1.0,27.0,2436540,41fc5c40-5e81-496f-9733-6b5681b3b7a5
98.866669,14.68333,"Trachypithecus phayrei (Blyth, 1847)",1967.0,1.0,27.0,2436540,41fc5c40-5e81-496f-9733-6b5681b3b7a5
98.916672,14.91667,"Trachypithecus phayrei (Blyth, 1847)",1967.0,1.0,13.0,2436540,41fc5c40-5e81-496f-9733-6b5681b3b7a5
98.866669,14.68333,"Trachypithecus phayrei (Blyth, 1847)",1967.0,1.0,27.0,2436540,41fc5c40-5e81-496f-9733-6b5681b3b7a5
99.383331,15.46667,"Trachypithecus phayrei (Blyth, 1847)",1967.0,2.0,28.0,2436540,41fc5c40-5e81-496f-9733-6b5681b3b7a5
99.383331,15.46667,"Trachypithecus phayrei (Blyth, 1847)",1967.0,2.0,28.0,2436540,41fc5c40-5e81-496f-9733-6b5681b3b7a5
99.383331,15.46667,"Trachypithecus phayrei (Blyth, 1847)",1967.0,2.0,28.0,2436540,41fc5c40-5e81-496f-9733-6b5681b3b7a5
99.383331,15.46667,"Trachypithecus phayrei (Blyth, 1847)",1967.0,2.0,28.0,2436540,41fc5c40-5e81-496f-9733-6b5681b3b7a5
99.383331,15.46667,"Trachypithecus phayrei (Blyth, 1847)",1967.0,2.0,28.0,2436540,41fc5c40-5e81-496f-9733-6b5681b3b7a5
99.383331,15.46667,"Trachypithecus phayrei (Blyth, 1847)",1967.0,2.0,28.0,2436540,41fc5c40-5e81-496f-9733-6b5681b3b7a5
99.383331,15.46667,"Trachypithecus phayrei (Blyth, 1847)",1967.0,2.0,28.0,2436540,41fc5c40-5e81-496f-9733-6b5681b3b7a5
99.383331,15.46667,"Trachypithecus phayrei (Blyth, 1847)",1967.0,2.0,28.0,2436540,41fc5c40-5e81-496f-9733-6b5681b3b7a5
99.383331,15.46667,"Trachypithecus phayrei (Blyth, 1847)",1967.0,2.0,28.0,2436540,41fc5c40-5e81-496f-9733-6b5681b3b7a5
99.383331,15.46667,"Trachypithecus phayrei (Blyth, 1847)",1967.0,2.0,28.0,2436540,41fc5c40-5e81-496f-9733-6b5681b3b7a5
99.383331,15.46667,"Trachypithecus phayrei (Blyth, 1847)",1967.0,2.0,28.0,2436540,41fc5c40-5e81-496f-9733-6b5681b3b7a5
98.833328,17.466669,"Trachypithecus phayrei (Blyth, 1847)",1967.0,3.0,29.0,2436540,41fc5c40-5e81-496f-9733-6b5681b3b7a5
98.833328,17.466669,"Trachypithecus phayrei (Blyth, 1847)",1967.0,3.0,29.0,2436540,41fc5c40-5e81-496f-9733-6b5681b3b7a5
98.833328,17.466669,"Trachypithecus phayrei (Blyth, 1847)",1967.0,3.0,29.0,2436540,41fc5c40-5e81-496f-9733-6b5681b3b7a5
98.833328,17.466669,"Trachypithecus phayrei (Blyth, 1847)",1967.0,3.0,29.0,2436540,41fc5c40-5e81-496f-9733-6b5681b3b7a5
98.833328,17.466669,"Trachypithecus phayrei (Blyth, 1847)",1967.0,3.0,29.0,2436540,41fc5c40-5e81-496f-9733-6b5681b3b7a5
98.75,16.799999,"Trachypithecus phayrei (Blyth, 1847)",1967.0,3.0,18.0,2436540,41fc5c40-5e81-496f-9733-6b5681b3b7a5
98.75,16.799999,"Trachypithecus phayrei (Blyth, 1847)",1967.0,3.0,18.0,2436540,41fc5c40-5e81-496f-9733-6b5681b3b7a5
98.75,16.799999,"Trachypithecus phayrei (Blyth, 1847)",1967.0,3.0,18.0,2436540,41fc5c40-5e81-496f-9733-6b5681b3b7a5
98.75,16.799999,"Trachypithecus phayrei (Blyth, 1847)",1967.0,3.0,18.0,2436540,41fc5c40-5e81-496f-9733-6b5681b3b7a5
98.75,16.799999,"Trachypithecus phayrei (Blyth, 1847)",1967.0,3.0,18.0,2436540,41fc5c40-5e81-496f-9733-6b5681b3b7a5
98.75,16.799999,"Trachypithecus phayrei (Blyth, 1847)",1967.0,3.0,21.0,2436540,41fc5c40-5e81-496f-9733-6b5681b3b7a5
99.433327,15.95,"Trachypithecus phayrei (Blyth, 1847)",1967.0,3.0,9.0,2436540,41fc5c40-5e81-496f-9733-6b5681b3b7a5
99.25,16.33333,"Trachypithecus phayrei (Blyth, 1847)",1967.0,4.0,14.0,2436540,41fc5c40-5e81-496f-9733-6b5681b3b7a5
96.25,22.3333,"Presbytis phayrei Blyth, 1847",1937.0,2.0,13.0,8804520,7e380070-f762-11e1-a439-00145eb45e9a
96.5333,22.3333,"Presbytis phayrei Blyth, 1847",1937.0,3.0,15.0,8804520,7e380070-f762-11e1-a439-00145eb45e9a
98.49167,18.59167,"Presbytis phayrei Blyth, 1847",1937.0,4.0,11.0,8804520,4bfac3ea-8763-4f4b-a71a-76a6f5f243d3
98.49167,18.59167,"Presbytis phayrei Blyth, 1847",1937.0,4.0,12.0,8804520,4bfac3ea-8763-4f4b-a71a-76a6f5f243d3
98.96878,19.36712,"Presbytis phayrei Blyth, 1847",1937.0,5.0,30.0,8804520,4bfac3ea-8763-4f4b-a71a-76a6f5f243d3
98.92058,19.47162,"Presbytis phayrei Blyth, 1847",1937.0,5.0,31.0,8804520,4bfac3ea-8763-4f4b-a71a-76a6f5f243d3
98.96878,19.36712,"Presbytis phayrei Blyth, 1847",1937.0,5.0,30.0,8804520,4bfac3ea-8763-4f4b-a71a-76a6f5f243d3
98.92058,19.47162,"Presbytis phayrei Blyth, 1847",1937.0,6.0,3.0,8804520,4bfac3ea-8763-4f4b-a71a-76a6f5f243d3
98.96878,19.36712,"Presbytis phayrei Blyth, 1847",1937.0,6.0,2.0,8804520,4bfac3ea-8763-4f4b-a71a-76a6f5f243d3
98.92058,19.47162,"Presbytis phayrei Blyth, 1847",1937.0,,,8804520,4bfac3ea-8763-4f4b-a71a-76a6f5f243d3
98.92058,19.47162,"Presbytis phayrei Blyth, 1847",1937.0,,,8804520,4bfac3ea-8763-4f4b-a71a-76a6f5f243d3
98.92058,19.47162,"Presbytis phayrei Blyth, 1847",1937.0,,,8804520,4bfac3ea-8763-4f4b-a71a-76a6f5f243d3
98.96878,19.36712,"Presbytis phayrei Blyth, 1847",1937.0,,,8804520,4bfac3ea-8763-4f4b-a71a-76a6f5f243d3
98.96878,19.36712,"Presbytis phayrei Blyth, 1847",1937.0,,,8804520,4bfac3ea-8763-4f4b-a71a-76a6f5f243d3
98.96878,19.36712,"Presbytis phayrei Blyth, 1847",1937.0,,,8804520,4bfac3ea-8763-4f4b-a71a-76a6f5f243d3
98.96878,19.36712,"Presbytis phayrei Blyth, 1847",1937.0,,,8804520,4bfac3ea-8763-4f4b-a71a-76a6f5f243d3
98.92058,19.47162,"Presbytis phayrei Blyth, 1847",1937.0,,,8804520,4bfac3ea-8763-4f4b-a71a-76a6f5f243d3
98.92058,19.47162,"Presbytis phayrei Blyth, 1847",1937.0,,,8804520,4bfac3ea-8763-4f4b-a71a-76a6f5f243d3
98.92058,19.47162,"Presbytis phayrei Blyth, 1847",1937.0,,,8804520,4bfac3ea-8763-4f4b-a71a-76a6f5f243d3
98.92058,19.47162,"Presbytis phayrei Blyth, 1847",1937.0,,,8804520,4bfac3ea-8763-4f4b-a71a-76a6f5f243d3
98.92058,19.47162,"Presbytis phayrei Blyth, 1847",1937.0,,,8804520,4bfac3ea-8763-4f4b-a71a-76a6f5f243d3
98.92058,19.47162,"Presbytis phayrei Blyth, 1847",1937.0,,,8804520,4bfac3ea-8763-4f4b-a71a-76a6f5f243d3
98.92058,19.47162,"Presbytis phayrei Blyth, 1847",1937.0,,,8804520,4bfac3ea-8763-4f4b-a71a-76a6f5f243d3
98.92058,19.47162,"Presbytis phayrei Blyth, 1847",1937.0,,,8804520,4bfac3ea-8763-4f4b-a71a-76a6f5f243d3
98.96878,19.36712,"Presbytis phayrei Blyth, 1847",1937.0,,,8804520,4bfac3ea-8763-4f4b-a71a-76a6f5f243d3
96.5333,22.3333,"Presbytis phayrei Blyth, 1847",1935.0,12.0,18.0,8804520,7e380070-f762-11e1-a439-00145eb45e9a
105.1167,20.3667,"Presbytis phayrei Blyth, 1847",1930.0,1.0,19.0,8804520,7e380070-f762-11e1-a439-00145eb45e9a
105.1167,20.3667,"Presbytis phayrei Blyth, 1847",1930.0,2.0,14.0,8804520,7e380070-f762-11e1-a439-00145eb45e9a
100.8333,18.7833,"Presbytis phayrei Blyth, 1847",1929.0,,,8804520,7e380070-f762-11e1-a439-00145eb45e9a
105.4167,19.3167,"Presbytis phayrei Blyth, 1847",1928.0,2.0,29.0,8804520,7e380070-f762-11e1-a439-00145eb45e9a
103.3667,19.3333,"Presbytis phayrei Blyth, 1847",1926.0,1.0,8.0,8804520,7e380070-f762-11e1-a439-00145eb45e9a
99.25,16.0833,"Presbytis phayrei Blyth, 1847",1924.0,2.0,27.0,8804520,7e380070-f762-11e1-a439-00145eb45e9a
98.3167,16.3,"Presbytis phayrei Blyth, 1847",1923.0,12.0,30.0,8804520,7e380070-f762-11e1-a439-00145eb45e9a
98.75,24.916666,"Trachypithecus phayrei (Blyth, 1847)",1917.0,4.0,10.0,2436540,41fc5c40-5e81-496f-9733-6b5681b3b7a5
109.542,18.3159,"Presbytis phayrei Blyth, 1847",1917.0,,,8804520,4bfac3ea-8763-4f4b-a71a-76a6f5f243d3
95.9833,18.35,"Presbytis phayrei Blyth, 1847",1916.0,3.0,10.0,8804520,7e380070-f762-11e1-a439-00145eb45e9a
101.6,14.8667,"Presbytis phayrei Blyth, 1847",1916.0,9.0,13.0,8804520,7e380070-f762-11e1-a439-00145eb45e9a
94.25,23.6167,"Presbytis phayrei Blyth, 1847",1915.0,2.0,10.0,8804520,7e380070-f762-11e1-a439-00145eb45e9a
94.25,23.6167,"Presbytis phayrei Blyth, 1847",1915.0,2.0,10.0,8804520,7e380070-f762-11e1-a439-00145eb45e9a
99.3,14.6167,"Presbytis phayrei Blyth, 1847",1915.0,5.0,18.0,8804520,7e380070-f762-11e1-a439-00145eb45e9a
99.3,14.6167,"Presbytis phayrei Blyth, 1847",1915.0,5.0,19.0,8804520,7e380070-f762-11e1-a439-00145eb45e9a
94.7,22.7667,"Presbytis phayrei Blyth, 1847",1914.0,6.0,7.0,8804520,7e380070-f762-11e1-a439-00145eb45e9a
94.7,22.7667,"Presbytis phayrei Blyth, 1847",1914.0,6.0,7.0,8804520,7e380070-f762-11e1-a439-00145eb45e9a
94.7,22.7667,"Presbytis phayrei Blyth, 1847",1914.0,6.0,7.0,8804520,7e380070-f762-11e1-a439-00145eb45e9a
96.916664,22.35,"Trachypithecus phayrei (Blyth, 1847)",1913.0,4.0,27.0,2436540,41fc5c40-5e81-496f-9733-6b5681b3b7a5
96.25,22.3333,"Presbytis phayrei Blyth, 1847",1913.0,4.0,24.0,8804520,7e380070-f762-11e1-a439-00145eb45e9a
96.25,22.3333,"Presbytis phayrei Blyth, 1847",1913.0,4.0,20.0,8804520,7e380070-f762-11e1-a439-00145eb45e9a
96.25,22.3333,"Presbytis phayrei Blyth, 1847",1913.0,4.0,21.0,8804520,7e380070-f762-11e1-a439-00145eb45e9a
97.5167,22.7167,"Presbytis phayrei Blyth, 1847",1913.0,5.0,26.0,8804520,7e380070-f762-11e1-a439-00145eb45e9a
97.0833,22.5833,"Presbytis phayrei Blyth, 1847",1913.0,5.0,8.0,8804520,7e380070-f762-11e1-a439-00145eb45e9a
97.5167,22.7167,"Presbytis phayrei Blyth, 1847",1913.0,5.0,26.0,8804520,7e380070-f762-11e1-a439-00145eb45e9a
95.95,22.6,"Presbytis phayrei Blyth, 1847",1913.0,7.0,31.0,8804520,7e380070-f762-11e1-a439-00145eb45e9a
95.25,20.9167,"Presbytis phayrei Blyth, 1847",1913.0,9.0,27.0,8804520,7e380070-f762-11e1-a439-00145eb45e9a
95.25,20.9167,"Presbytis phayrei Blyth, 1847",1913.0,9.0,11.0,8804520,7e380070-f762-11e1-a439-00145eb45e9a
95.25,20.9167,"Presbytis phayrei Blyth, 1847",1913.0,9.0,3.0,8804520,7e380070-f762-11e1-a439-00145eb45e9a
95.25,20.9167,"Presbytis phayrei Blyth, 1847",1913.0,9.0,3.0,8804520,7e380070-f762-11e1-a439-00145eb45e9a
94.7,22.7833,"Presbytis phayrei Blyth, 1847",1913.0,10.0,,8804520,7e380070-f762-11e1-a439-00145eb45e9a
97.25,24.3333,"Presbytis phayrei Blyth, 1847",1886.0,4.0,19.0,8804520,7e380070-f762-11e1-a439-00145eb45e9a
98.5333,16.1833,"Presbytis phayrei Blyth, 1847",1877.0,1.0,30.0,8804520,7e380070-f762-11e1-a439-00145eb45e9a
98.5333,16.1833,"Presbytis phayrei Blyth, 1847",1877.0,1.0,30.0,8804520,7e380070-f762-11e1-a439-00145eb45e9a
96.98926,23.86163,"Presbytis phayrei Blyth, 1847",,,,8804520,4bfac3ea-8763-4f4b-a71a-76a6f5f243d3
111.566666,22.766666,"Trachypithecus phayrei (Blyth, 1847)",,,,2436540,bb5b30b4-827e-4d5e-a86a-825d65cb6583
111.699997,23.0,"Trachypithecus phayrei (Blyth, 1847)",,,,2436540,bb5b30b4-827e-4d5e-a86a-825d65cb6583
110.217781,33.134167,"Trachypithecus phayrei (Blyth, 1847)",,,,2436540,bb5b30b4-827e-4d5e-a86a-825d65cb6583
101.1333,16.4167,"Presbytis phayrei Blyth, 1847",,,,8804520,7e380070-f762-11e1-a439-00145eb45e9a
101.1333,16.4167,"Presbytis phayrei Blyth, 1847",,,,8804520,7e380070-f762-11e1-a439-00145eb45e9a
93.8,19.1,"Presbytis phayrei Blyth, 1847",,,,8804520,7e380070-f762-11e1-a439-00145eb45e9a
96.25,22.3333,"Presbytis phayrei Blyth, 1847",,,,8804520,7e380070-f762-11e1-a439-00145eb45e9a
98.85,14.4167,"Presbytis phayrei Blyth, 1847",,,,8804520,7e380070-f762-11e1-a439-00145eb45e9a
94.6,17.366667,"Trachypithecus phayrei (Blyth, 1847)",,,,2436540,84b5b072-2832-4c72-ad17-eb90bcb0c5ac
100.0,20.66667,"Trachypithecus phayrei (Blyth, 1847)",,,,2436540,84b5b072-2832-4c72-ad17-eb90bcb0c5ac
92.422615,23.503541,"Trachypithecus phayrei (Blyth, 1847)",,,,2436540,84b5b072-2832-4c72-ad17-eb90bcb0c5ac
96.491542,27.459176,"Trachypithecus phayrei (Blyth, 1847)",,,,2436540,84b5b072-2832-4c72-ad17-eb90bcb0c5ac
94.6,17.366667,"Trachypithecus phayrei (Blyth, 1847)",,,,2436540,84b5b072-2832-4c72-ad17-eb90bcb0c5ac
95.90639,25.6275,"Trachypithecus phayrei (Blyth, 1847)",,,,2436540,84b5b072-2832-4c72-ad17-eb90bcb0c5ac
91.503432,24.190632,"Trachypithecus pileatus (Blyth, 1843)",2025.0,1.0,8.0,2436538,50c9509d-22c7-4a22-a47d-8c48425ef4a7
91.569279,24.19129,"Trachypithecus pileatus (Blyth, 1843)",2025.0,1.0,8.0,2436538,50c9509d-22c7-4a22-a47d-8c48425ef4a7
92.814579,26.840172,"Trachypithecus pileatus (Blyth, 1843)",2025.0,1.0,21.0,2436538,50c9509d-22c7-4a22-a47d-8c48425ef4a7
91.554709,24.099121,"Trachypithecus pileatus (Blyth, 1843)",2025.0,1.0,8.0,2436538,50c9509d-22c7-4a22-a47d-8c48425ef4a7
91.599145,24.190742,"Trachypithecus pileatus (Blyth, 1843)",2025.0,1.0,8.0,2436538,50c9509d-22c7-4a22-a47d-8c48425ef4a7
93.300828,26.602853,"Trachypithecus pileatus (Blyth, 1843)",2025.0,2.0,11.0,2436538,50c9509d-22c7-4a22-a47d-8c48425ef4a7
93.14911,26.4974,"Trachypithecus pileatus (Blyth, 1843)",2025.0,3.0,16.0,2436538,50c9509d-22c7-4a22-a47d-8c48425ef4a7
92.883208,26.575368,"Trachypithecus pileatus (Blyth, 1843)",2025.0,3.0,29.0,2436538,50c9509d-22c7-4a22-a47d-8c48425ef4a7
92.887405,26.908472,"Trachypithecus pileatus (Blyth, 1843)",2025.0,3.0,16.0,2436538,50c9509d-22c7-4a22-a47d-8c48425ef4a7
92.995785,26.560103,"Trachypithecus pileatus (Blyth, 1843)",2025.0,3.0,29.0,2436538,50c9509d-22c7-4a22-a47d-8c48425ef4a7
91.04218,27.250335,"Trachypithecus pileatus (Blyth, 1843)",2025.0,4.0,5.0,2436538,50c9509d-22c7-4a22-a47d-8c48425ef4a7
92.91574,26.989396,"Trachypithecus pileatus (Blyth, 1843)",2025.0,4.0,5.0,2436538,50c9509d-22c7-4a22-a47d-8c48425ef4a7
94.251,26.750011,"Trachypithecus pileatus (Blyth, 1843)",2025.0,4.0,14.0,2436538,50c9509d-22c7-4a22-a47d-8c48425ef4a7
94.22117,26.692516,"Trachypithecus pileatus (Blyth, 1843)",2025.0,4.0,14.0,2436538,50c9509d-22c7-4a22-a47d-8c48425ef4a7
91.738036,26.126383,"Trachypithecus pileatus (Blyth, 1843)",2025.0,4.0,25.0,2436538,50c9509d-22c7-4a22-a47d-8c48425ef4a7
91.518699,26.939526,"Trachypithecus pileatus (Blyth, 1843)",2025.0,4.0,2.0,2436538,50c9509d-22c7-4a22-a47d-8c48425ef4a7
91.116079,27.290822,"Trachypithecus pileatus (Blyth, 1843)",2025.0,4.0,27.0,2436538,50c9509d-22c7-4a22-a47d-8c48425ef4a7
89.642918,27.438016,"Trachypithecus pileatus (Blyth, 1843)",2025.0,4.0,16.0,2436538,50c9509d-22c7-4a22-a47d-8c48425ef4a7
91.137053,27.336677,"Trachypithecus pileatus (Blyth, 1843)",2025.0,4.0,5.0,2436538,50c9509d-22c7-4a22-a47d-8c48425ef4a7
91.637792,22.672658,"Trachypithecus pileatus (Blyth, 1843)",2025.0,5.0,2.0,2436538,50c9509d-22c7-4a22-a47d-8c48425ef4a7
91.03317,27.264175,"Trachypithecus pileatus (Blyth, 1843)",2025.0,5.0,21.0,2436538,50c9509d-22c7-4a22-a47d-8c48425ef4a7
95.409328,27.260774,"Trachypithecus pileatus (Blyth, 1843)",2025.0,5.0,11.0,2436538,50c9509d-22c7-4a22-a47d-8c48425ef4a7
91.493815,27.756454,"Trachypithecus pileatus (Blyth, 1843)",2025.0,5.0,24.0,2436538,50c9509d-22c7-4a22-a47d-8c48425ef4a7
91.185418,27.395884,"Trachypithecus pileatus (Blyth, 1843)",2025.0,5.0,13.0,2436538,50c9509d-22c7-4a22-a47d-8c48425ef4a7
94.294869,26.699616,"Trachypithecus pileatus (Blyth, 1843)",2025.0,6.0,12.0,2436538,50c9509d-22c7-4a22-a47d-8c48425ef4a7
94.337646,26.711227,"Trachypithecus pileatus (Blyth, 1843)",2025.0,6.0,12.0,2436538,50c9509d-22c7-4a22-a47d-8c48425ef4a7
94.278504,26.698612,"Trachypithecus pileatus (Blyth, 1843)",2025.0,6.0,12.0,2436538,50c9509d-22c7-4a22-a47d-8c48425ef4a7
94.337135,26.602715,"Trachypithecus pileatus (Blyth, 1843)",2025.0,6.0,12.0,2436538,50c9509d-22c7-4a22-a47d-8c48425ef4a7
90.924722,26.715409,"Trachypithecus pileatus (Blyth, 1843)",2025.0,6.0,12.0,2436538,50c9509d-22c7-4a22-a47d-8c48425ef4a7
90.842553,26.666377,"Trachypithecus pileatus (Blyth, 1843)",2025.0,6.0,12.0,2436538,50c9509d-22c7-4a22-a47d-8c48425ef4a7
90.837898,26.74074,"Trachypithecus pileatus (Blyth, 1843)",2025.0,6.0,12.0,2436538,50c9509d-22c7-4a22-a47d-8c48425ef4a7
93.880162,26.257635,"Trachypithecus pileatus (Blyth, 1843)",2025.0,7.0,22.0,2436538,50c9509d-22c7-4a22-a47d-8c48425ef4a7
91.792094,24.348081,"Trachypithecus pileatus (Blyth, 1843)",2025.0,8.0,30.0,2436538,50c9509d-22c7-4a22-a47d-8c48425ef4a7
93.189135,26.4503,"Trachypithecus pileatus (Blyth, 1843)",2024.0,1.0,20.0,2436538,50c9509d-22c7-4a22-a47d-8c48425ef4a7
92.502994,27.028135,"Trachypithecus pileatus (Blyth, 1843)",2024.0,1.0,31.0,2436538,50c9509d-22c7-4a22-a47d-8c48425ef4a7
91.20871,27.005732,"Trachypithecus pileatus (Blyth, 1843)",2024.0,1.0,15.0,2436538,50c9509d-22c7-4a22-a47d-8c48425ef4a7
94.391127,26.70542,"Trachypithecus pileatus (Blyth, 1843)",2024.0,2.0,24.0,2436538,50c9509d-22c7-4a22-a47d-8c48425ef4a7
91.364846,26.815745,"Trachypithecus pileatus (Blyth, 1843)",2024.0,2.0,18.0,2436538,50c9509d-22c7-4a22-a47d-8c48425ef4a7
91.284243,26.833273,"Trachypithecus pileatus (Blyth, 1843)",2024.0,2.0,18.0,2436538,50c9509d-22c7-4a22-a47d-8c48425ef4a7
92.920347,26.474401,"Trachypithecus pileatus (Blyth, 1843)",2024.0,2.0,10.0,2436538,50c9509d-22c7-4a22-a47d-8c48425ef4a7
95.480132,27.338848,"Trachypithecus pileatus (Blyth, 1843)",2024.0,3.0,3.0,2436538,50c9509d-22c7-4a22-a47d-8c48425ef4a7
91.349719,26.823578,"Trachypithecus pileatus (Blyth, 1843)",2024.0,3.0,1.0,2436538,50c9509d-22c7-4a22-a47d-8c48425ef4a7
93.241293,26.500159,"Trachypithecus pileatus (Blyth, 1843)",2024.0,3.0,14.0,2436538,50c9509d-22c7-4a22-a47d-8c48425ef4a7
92.823326,26.82027,"Trachypithecus pileatus (Blyth, 1843)",2024.0,3.0,16.0,2436538,50c9509d-22c7-4a22-a47d-8c48425ef4a7
92.947934,26.905827,"Trachypithecus pileatus tenebricus (Hinton, 1923)",2024.0,3.0,24.0,4267064,50c9509d-22c7-4a22-a47d-8c48425ef4a7
92.580906,27.116212,"Trachypithecus pileatus (Blyth, 1843)",2024.0,3.0,28.0,2436538,50c9509d-22c7-4a22-a47d-8c48425ef4a7
92.926407,26.842133,"Trachypithecus pileatus tenebricus (Hinton, 1923)",2024.0,3.0,24.0,4267064,50c9509d-22c7-4a22-a47d-8c48425ef4a7
91.869298,27.570593,"Trachypithecus pileatus (Blyth, 1843)",2024.0,3.0,27.0,2436538,50c9509d-22c7-4a22-a47d-8c48425ef4a7
90.947397,26.751758,"Trachypithecus pileatus (Blyth, 1843)",2024.0,3.0,7.0,2436538,50c9509d-22c7-4a22-a47d-8c48425ef4a7
90.912048,26.725005,"Trachypithecus pileatus (Blyth, 1843)",2024.0,3.0,7.0,2436538,50c9509d-22c7-4a22-a47d-8c48425ef4a7
92.980362,27.139121,"Trachypithecus pileatus (Blyth, 1843)",2024.0,3.0,27.0,2436538,50c9509d-22c7-4a22-a47d-8c48425ef4a7
93.214957,26.744575,"Trachypithecus pileatus (Blyth, 1843)",2024.0,3.0,14.0,2436538,50c9509d-22c7-4a22-a47d-8c48425ef4a7
91.382219,26.600565,"Trachypithecus pileatus (Blyth, 1843)",2024.0,3.0,1.0,2436538,50c9509d-22c7-4a22-a47d-8c48425ef4a7
91.193759,27.331438,"Trachypithecus pileatus (Blyth, 1843)",2024.0,4.0,11.0,2436538,50c9509d-22c7-4a22-a47d-8c48425ef4a7
91.187054,27.29854,"Trachypithecus pileatus (Blyth, 1843)",2024.0,4.0,10.0,2436538,50c9509d-22c7-4a22-a47d-8c48425ef4a7
91.036874,27.281247,"Trachypithecus pileatus (Blyth, 1843)",2024.0,4.0,10.0,2436538,50c9509d-22c7-4a22-a47d-8c48425ef4a7
91.191135,27.241453,"Trachypithecus pileatus (Blyth, 1843)",2024.0,4.0,11.0,2436538,50c9509d-22c7-4a22-a47d-8c48425ef4a7
91.156279,27.337858,"Trachypithecus pileatus (Blyth, 1843)",2024.0,4.0,10.0,2436538,50c9509d-22c7-4a22-a47d-8c48425ef4a7
91.442809,27.294688,"Trachypithecus pileatus (Blyth, 1843)",2024.0,4.0,9.0,2436538,50c9509d-22c7-4a22-a47d-8c48425ef4a7
91.624616,26.173753,"Trachypithecus pileatus (Blyth, 1843)",2024.0,4.0,26.0,2436538,50c9509d-22c7-4a22-a47d-8c48425ef4a7
93.078794,26.411681,"Trachypithecus pileatus (Blyth, 1843)",2024.0,4.0,11.0,2436538,50c9509d-22c7-4a22-a47d-8c48425ef4a7
95.230699,27.574645,"Trachypithecus pileatus (Blyth, 1843)",2024.0,4.0,12.0,2436538,50c9509d-22c7-4a22-a47d-8c48425ef4a7
92.974693,26.92604,"Trachypithecus pileatus (Blyth, 1843)",2024.0,4.0,9.0,2436538,50c9509d-22c7-4a22-a47d-8c48425ef4a7
95.431871,27.349563,"Trachypithecus pileatus (Blyth, 1843)",2024.0,4.0,14.0,2436538,50c9509d-22c7-4a22-a47d-8c48425ef4a7
90.873894,26.860954,"Trachypithecus pileatus (Blyth, 1843)",2024.0,4.0,19.0,2436538,50c9509d-22c7-4a22-a47d-8c48425ef4a7
92.634889,26.240429,"Trachypithecus pileatus (Blyth, 1843)",2024.0,4.0,9.0,2436538,50c9509d-22c7-4a22-a47d-8c48425ef4a7
95.592935,27.322387,"Trachypithecus pileatus (Blyth, 1843)",2024.0,5.0,5.0,2436538,50c9509d-22c7-4a22-a47d-8c48425ef4a7
95.551909,27.202904,"Trachypithecus pileatus (Blyth, 1843)",2024.0,5.0,5.0,2436538,50c9509d-22c7-4a22-a47d-8c48425ef4a7
95.417592,27.293632,"Trachypithecus pileatus (Blyth, 1843)",2024.0,5.0,5.0,2436538,50c9509d-22c7-4a22-a47d-8c48425ef4a7
95.481263,27.216679,"Trachypithecus pileatus (Blyth, 1843)",2024.0,5.0,5.0,2436538,50c9509d-22c7-4a22-a47d-8c48425ef4a7
95.565252,27.295179,"Trachypithecus pileatus (Blyth, 1843)",2024.0,5.0,5.0,2436538,50c9509d-22c7-4a22-a47d-8c48425ef4a7
90.957711,26.665179,"Trachypithecus pileatus (Blyth, 1843)",2024.0,5.0,10.0,2436538,50c9509d-22c7-4a22-a47d-8c48425ef4a7
92.579952,27.190787,"Trachypithecus pileatus (Blyth, 1843)",2024.0,5.0,8.0,2436538,50c9509d-22c7-4a22-a47d-8c48425ef4a7
92.810202,26.920823,"Trachypithecus pileatus (Blyth, 1843)",2024.0,5.0,5.0,2436538,50c9509d-22c7-4a22-a47d-8c48425ef4a7
92.222189,27.003925,"Trachypithecus pileatus (Blyth, 1843)",2024.0,5.0,8.0,2436538,50c9509d-22c7-4a22-a47d-8c48425ef4a7
90.88332,26.654357,"Trachypithecus pileatus (Blyth, 1843)",2024.0,5.0,2.0,2436538,50c9509d-22c7-4a22-a47d-8c48425ef4a7
90.89025,26.787589,"Trachypithecus pileatus (Blyth, 1843)",2024.0,5.0,2.0,2436538,50c9509d-22c7-4a22-a47d-8c48425ef4a7
90.944053,26.90335,"Trachypithecus pileatus (Blyth, 1843)",2024.0,5.0,4.0,2436538,50c9509d-22c7-4a22-a47d-8c48425ef4a7
90.870766,26.980036,"Trachypithecus pileatus (Blyth, 1843)",2024.0,5.0,4.0,2436538,50c9509d-22c7-4a22-a47d-8c48425ef4a7
91.04623,27.218507,"Trachypithecus pileatus (Blyth, 1843)",2024.0,7.0,3.0,2436538,50c9509d-22c7-4a22-a47d-8c48425ef4a7
91.958822,26.005277,"Trachypithecus pileatus (Blyth, 1843)",2024.0,8.0,5.0,2436538,50c9509d-22c7-4a22-a47d-8c48425ef4a7
92.980014,26.576302,"Trachypithecus pileatus (Blyth, 1843)",2024.0,9.0,28.0,2436538,50c9509d-22c7-4a22-a47d-8c48425ef4a7
91.00725,27.24249,"Trachypithecus pileatus (Blyth, 1843)",2024.0,11.0,11.0,2436538,50c9509d-22c7-4a22-a47d-8c48425ef4a7
91.115476,27.371628,"Trachypithecus pileatus (Blyth, 1843)",2024.0,11.0,10.0,2436538,50c9509d-22c7-4a22-a47d-8c48425ef4a7
91.090049,27.210631,"Trachypithecus pileatus (Blyth, 1843)",2024.0,11.0,11.0,2436538,50c9509d-22c7-4a22-a47d-8c48425ef4a7
93.127358,26.523725,"Trachypithecus pileatus (Blyth, 1843)",2024.0,11.0,25.0,2436538,50c9509d-22c7-4a22-a47d-8c48425ef4a7
90.847366,26.695967,"Trachypithecus pileatus (Blyth, 1843)",2024.0,11.0,18.0,2436538,50c9509d-22c7-4a22-a47d-8c48425ef4a7
90.985707,26.942727,"Trachypithecus pileatus (Blyth, 1843)",2024.0,11.0,7.0,2436538,50c9509d-22c7-4a22-a47d-8c48425ef4a7
91.071072,27.383188,"Trachypithecus pileatus (Blyth, 1843)",2024.0,11.0,11.0,2436538,50c9509d-22c7-4a22-a47d-8c48425ef4a7
92.381286,27.189404,"Trachypithecus pileatus (Blyth, 1843)",2024.0,11.0,25.0,2436538,50c9509d-22c7-4a22-a47d-8c48425ef4a7
91.564568,27.20778,"Trachypithecus pileatus (Blyth, 1843)",2024.0,12.0,10.0,2436538,50c9509d-22c7-4a22-a47d-8c48425ef4a7
94.300933,26.767963,"Trachypithecus pileatus (Blyth, 1843)",2024.0,12.0,27.0,2436538,50c9509d-22c7-4a22-a47d-8c48425ef4a7
93.12723,26.642495,"Trachypithecus pileatus (Blyth, 1843)",2024.0,12.0,24.0,2436538,50c9509d-22c7-4a22-a47d-8c48425ef4a7
92.813646,26.994142,"Trachypithecus pileatus (Blyth, 1843)",2024.0,12.0,22.0,2436538,50c9509d-22c7-4a22-a47d-8c48425ef4a7
90.925377,26.751452,"Trachypithecus pileatus (Blyth, 1843)",2024.0,12.0,18.0,2436538,50c9509d-22c7-4a22-a47d-8c48425ef4a7
93.195006,26.531302,"Trachypithecus pileatus (Blyth, 1843)",2024.0,12.0,17.0,2436538,50c9509d-22c7-4a22-a47d-8c48425ef4a7
91.962488,24.972901,"Trachypithecus pileatus (Blyth, 1843)",2024.0,12.0,31.0,2436538,50c9509d-22c7-4a22-a47d-8c48425ef4a7
93.16243,26.492657,"Trachypithecus pileatus (Blyth, 1843)",2024.0,12.0,17.0,2436538,50c9509d-22c7-4a22-a47d-8c48425ef4a7
91.7085,24.236051,"Trachypithecus pileatus (Blyth, 1843)",2024.0,12.0,15.0,2436538,50c9509d-22c7-4a22-a47d-8c48425ef4a7
91.282719,26.845651,"Trachypithecus pileatus (Blyth, 1843)",2024.0,12.0,13.0,2436538,50c9509d-22c7-4a22-a47d-8c48425ef4a7
93.478511,26.779338,"Trachypithecus pileatus (Blyth, 1843)",2023.0,1.0,8.0,2436538,50c9509d-22c7-4a22-a47d-8c48425ef4a7
93.567361,26.600689,"Trachypithecus pileatus (Blyth, 1843)",2023.0,1.0,8.0,2436538,50c9509d-22c7-4a22-a47d-8c48425ef4a7
93.436153,26.606835,"Trachypithecus pileatus (Blyth, 1843)",2023.0,1.0,8.0,2436538,50c9509d-22c7-4a22-a47d-8c48425ef4a7
93.539055,26.727188,"Trachypithecus pileatus (Blyth, 1843)",2023.0,1.0,8.0,2436538,50c9509d-22c7-4a22-a47d-8c48425ef4a7
93.587494,26.634277,"Trachypithecus pileatus (Blyth, 1843)",2023.0,1.0,8.0,2436538,50c9509d-22c7-4a22-a47d-8c48425ef4a7
93.526979,26.602043,"Trachypithecus pileatus (Blyth, 1843)",2023.0,1.0,8.0,2436538,50c9509d-22c7-4a22-a47d-8c48425ef4a7
93.119335,26.539862,"Trachypithecus pileatus (Blyth, 1843)",2023.0,1.0,11.0,2436538,50c9509d-22c7-4a22-a47d-8c48425ef4a7
92.955699,26.951701,"Trachypithecus pileatus (Blyth, 1843)",2023.0,3.0,18.0,2436538,50c9509d-22c7-4a22-a47d-8c48425ef4a7
90.838004,26.695224,"Trachypithecus pileatus (Blyth, 1843)",2023.0,3.0,22.0,2436538,50c9509d-22c7-4a22-a47d-8c48425ef4a7
91.152905,27.279049,"Trachypithecus pileatus (Blyth, 1843)",2023.0,4.0,27.0,2436538,50c9509d-22c7-4a22-a47d-8c48425ef4a7
91.324365,27.399482,"Trachypithecus pileatus (Blyth, 1843)",2023.0,4.0,26.0,2436538,50c9509d-22c7-4a22-a47d-8c48425ef4a7
91.042077,26.77276,"Trachypithecus pileatus (Blyth, 1843)",2023.0,4.0,10.0,2436538,50c9509d-22c7-4a22-a47d-8c48425ef4a7
95.730065,27.373629,"Trachypithecus pileatus (Blyth, 1843)",2023.0,4.0,22.0,2436538,50c9509d-22c7-4a22-a47d-8c48425ef4a7
91.705308,24.300822,"Trachypithecus pileatus (Blyth, 1843)",2023.0,4.0,23.0,2436538,50c9509d-22c7-4a22-a47d-8c48425ef4a7
90.477939,27.480896,"Trachypithecus pileatus (Blyth, 1843)",2023.0,4.0,18.0,2436538,50c9509d-22c7-4a22-a47d-8c48425ef4a7
90.465696,27.426405,"Trachypithecus pileatus (Blyth, 1843)",2023.0,5.0,9.0,2436538,50c9509d-22c7-4a22-a47d-8c48425ef4a7
90.567243,27.459054,"Trachypithecus pileatus (Blyth, 1843)",2023.0,5.0,5.0,2436538,50c9509d-22c7-4a22-a47d-8c48425ef4a7
95.706599,27.364048,"Trachypithecus pileatus (Blyth, 1843)",2023.0,5.0,25.0,2436538,50c9509d-22c7-4a22-a47d-8c48425ef4a7
95.688844,27.307717,"Trachypithecus pileatus (Blyth, 1843)",2023.0,5.0,25.0,2436538,50c9509d-22c7-4a22-a47d-8c48425ef4a7
95.716046,27.213232,"Trachypithecus pileatus (Blyth, 1843)",2023.0,5.0,25.0,2436538,50c9509d-22c7-4a22-a47d-8c48425ef4a7
95.769862,27.269044,"Trachypithecus pileatus (Blyth, 1843)",2023.0,5.0,25.0,2436538,50c9509d-22c7-4a22-a47d-8c48425ef4a7
95.600249,27.256736,"Trachypithecus pileatus (Blyth, 1843)",2023.0,5.0,25.0,2436538,50c9509d-22c7-4a22-a47d-8c48425ef4a7
95.706361,27.397964,"Trachypithecus pileatus (Blyth, 1843)",2023.0,5.0,25.0,2436538,50c9509d-22c7-4a22-a47d-8c48425ef4a7
95.716552,27.244322,"Trachypithecus pileatus (Blyth, 1843)",2023.0,5.0,25.0,2436538,50c9509d-22c7-4a22-a47d-8c48425ef4a7
91.13493,26.765868,"Trachypithecus pileatus (Blyth, 1843)",2023.0,5.0,2.0,2436538,50c9509d-22c7-4a22-a47d-8c48425ef4a7
95.652697,27.270556,"Trachypithecus pileatus (Blyth, 1843)",2023.0,6.0,8.0,2436538,50c9509d-22c7-4a22-a47d-8c48425ef4a7
95.723081,27.388744,"Trachypithecus pileatus (Blyth, 1843)",2023.0,6.0,8.0,2436538,50c9509d-22c7-4a22-a47d-8c48425ef4a7
95.727595,27.248409,"Trachypithecus pileatus (Blyth, 1843)",2023.0,6.0,8.0,2436538,50c9509d-22c7-4a22-a47d-8c48425ef4a7
95.644796,27.388373,"Trachypithecus pileatus (Blyth, 1843)",2023.0,6.0,8.0,2436538,50c9509d-22c7-4a22-a47d-8c48425ef4a7
95.644067,27.206141,"Trachypithecus pileatus (Blyth, 1843)",2023.0,6.0,8.0,2436538,50c9509d-22c7-4a22-a47d-8c48425ef4a7
95.605539,27.204614,"Trachypithecus pileatus (Blyth, 1843)",2023.0,6.0,8.0,2436538,50c9509d-22c7-4a22-a47d-8c48425ef4a7
91.63895,26.170872,"Trachypithecus pileatus (Blyth, 1843)",2023.0,7.0,16.0,2436538,50c9509d-22c7-4a22-a47d-8c48425ef4a7
95.428326,27.217594,"Trachypithecus pileatus (Blyth, 1843)",2023.0,8.0,27.0,2436538,50c9509d-22c7-4a22-a47d-8c48425ef4a7
95.402748,27.252851,"Trachypithecus pileatus (Blyth, 1843)",2023.0,8.0,27.0,2436538,50c9509d-22c7-4a22-a47d-8c48425ef4a7
91.678667,24.24222,"Trachypithecus pileatus (Blyth, 1843)",2023.0,8.0,23.0,2436538,50c9509d-22c7-4a22-a47d-8c48425ef4a7
95.426418,27.263381,"Trachypithecus pileatus (Blyth, 1843)",2023.0,8.0,27.0,2436538,50c9509d-22c7-4a22-a47d-8c48425ef4a7
95.476019,27.392529,"Trachypithecus pileatus (Blyth, 1843)",2023.0,8.0,27.0,2436538,50c9509d-22c7-4a22-a47d-8c48425ef4a7
95.435745,27.215097,"Trachypithecus pileatus (Blyth, 1843)",2023.0,8.0,27.0,2436538,50c9509d-22c7-4a22-a47d-8c48425ef4a7
91.66359,24.245101,"Trachypithecus pileatus (Blyth, 1843)",2023.0,8.0,23.0,2436538,50c9509d-22c7-4a22-a47d-8c48425ef4a7
91.832142,24.991941,"Trachypithecus pileatus (Blyth, 1843)",2023.0,9.0,21.0,2436538,50c9509d-22c7-4a22-a47d-8c48425ef4a7
91.219598,23.265157,"Trachypithecus pileatus (Blyth, 1843)",2023.0,9.0,28.0,2436538,50c9509d-22c7-4a22-a47d-8c48425ef4a7
92.112086,21.52946,"Trachypithecus pileatus (Blyth, 1843)",2023.0,9.0,23.0,2436538,50c9509d-22c7-4a22-a47d-8c48425ef4a7
91.426956,24.175046,"Trachypithecus pileatus (Blyth, 1843)",2023.0,10.0,24.0,2436538,50c9509d-22c7-4a22-a47d-8c48425ef4a7
91.418126,24.12497,"Trachypithecus pileatus (Blyth, 1843)",2023.0,10.0,22.0,2436538,50c9509d-22c7-4a22-a47d-8c48425ef4a7
91.571031,24.186975,"Trachypithecus pileatus (Blyth, 1843)",2023.0,10.0,22.0,2436538,50c9509d-22c7-4a22-a47d-8c48425ef4a7
90.841305,26.703315,"Trachypithecus pileatus (Blyth, 1843)",2023.0,11.0,24.0,2436538,50c9509d-22c7-4a22-a47d-8c48425ef4a7
91.79986,26.152294,"Trachypithecus pileatus (Blyth, 1843)",2023.0,12.0,24.0,2436538,50c9509d-22c7-4a22-a47d-8c48425ef4a7
91.411992,24.143858,"Trachypithecus pileatus (Blyth, 1843)",2022.0,2.0,3.0,2436538,50c9509d-22c7-4a22-a47d-8c48425ef4a7
91.722675,24.275085,"Trachypithecus pileatus (Blyth, 1843)",2022.0,2.0,18.0,2436538,50c9509d-22c7-4a22-a47d-8c48425ef4a7
92.201274,22.119017,"Trachypithecus pileatus (Blyth, 1843)",2022.0,2.0,10.0,2436538,50c9509d-22c7-4a22-a47d-8c48425ef4a7
91.72,24.32,"Trachypithecus pileatus (Blyth, 1843)",2022.0,3.0,5.0,2436538,d8cd16ba-bb74-4420-821e-083f2bac17c2
92.347159,27.035101,"Trachypithecus pileatus (Blyth, 1843)",2022.0,3.0,27.0,2436538,50c9509d-22c7-4a22-a47d-8c48425ef4a7
91.098618,26.687708,"Trachypithecus pileatus (Blyth, 1843)",2022.0,3.0,3.0,2436538,50c9509d-22c7-4a22-a47d-8c48425ef4a7
92.930475,27.140312,"Trachypithecus pileatus (Blyth, 1843)",2022.0,4.0,23.0,2436538,50c9509d-22c7-4a22-a47d-8c48425ef4a7
92.861221,27.124196,"Trachypithecus pileatus (Blyth, 1843)",2022.0,4.0,23.0,2436538,50c9509d-22c7-4a22-a47d-8c48425ef4a7
94.35361,26.662599,"Trachypithecus pileatus (Blyth, 1843)",2022.0,4.0,16.0,2436538,c6b86c40-ff71-4e5e-902c-111f400d0d56
95.42687,27.361018,"Trachypithecus pileatus (Blyth, 1843)",2022.0,5.0,24.0,2436538,50c9509d-22c7-4a22-a47d-8c48425ef4a7
91.492724,23.491025,"Trachypithecus pileatus (Blyth, 1843)",2022.0,5.0,15.0,2436538,50c9509d-22c7-4a22-a47d-8c48425ef4a7
89.890892,24.33917,"Trachypithecus pileatus (Blyth, 1843)",2022.0,8.0,24.0,2436538,50c9509d-22c7-4a22-a47d-8c48425ef4a7
91.479047,24.040856,"Trachypithecus pileatus (Blyth, 1843)",2021.0,3.0,6.0,2436538,50c9509d-22c7-4a22-a47d-8c48425ef4a7
90.92893,26.762985,"Trachypithecus pileatus (Blyth, 1843)",2021.0,3.0,18.0,2436538,50c9509d-22c7-4a22-a47d-8c48425ef4a7
91.58121,24.093501,"Trachypithecus pileatus (Blyth, 1843)",2021.0,3.0,6.0,2436538,50c9509d-22c7-4a22-a47d-8c48425ef4a7
91.434464,24.104962,"Trachypithecus pileatus (Blyth, 1843)",2021.0,3.0,6.0,2436538,50c9509d-22c7-4a22-a47d-8c48425ef4a7
91.126768,27.245137,"Trachypithecus pileatus (Blyth, 1843)",2021.0,3.0,20.0,2436538,50c9509d-22c7-4a22-a47d-8c48425ef4a7
91.794261,24.383341,"Trachypithecus pileatus (Blyth, 1843)",2021.0,3.0,6.0,2436538,50c9509d-22c7-4a22-a47d-8c48425ef4a7
91.049646,26.710756,"Trachypithecus pileatus (Blyth, 1843)",2021.0,4.0,2.0,2436538,50c9509d-22c7-4a22-a47d-8c48425ef4a7
91.161671,26.731131,"Trachypithecus pileatus (Blyth, 1843)",2021.0,4.0,2.0,2436538,50c9509d-22c7-4a22-a47d-8c48425ef4a7
91.010109,26.707759,"Trachypithecus pileatus (Blyth, 1843)",2021.0,4.0,2.0,2436538,50c9509d-22c7-4a22-a47d-8c48425ef4a7
91.070421,26.637664,"Trachypithecus pileatus (Blyth, 1843)",2021.0,4.0,2.0,2436538,50c9509d-22c7-4a22-a47d-8c48425ef4a7
91.434957,24.104487,"Trachypithecus pileatus (Blyth, 1843)",2021.0,5.0,29.0,2436538,50c9509d-22c7-4a22-a47d-8c48425ef4a7
91.409101,24.013499,"Trachypithecus pileatus (Blyth, 1843)",2021.0,5.0,29.0,2436538,50c9509d-22c7-4a22-a47d-8c48425ef4a7
91.503507,24.173326,"Trachypithecus pileatus (Blyth, 1843)",2021.0,5.0,31.0,2436538,50c9509d-22c7-4a22-a47d-8c48425ef4a7
94.357213,26.725366,"Trachypithecus pileatus (Blyth, 1843)",2021.0,10.0,30.0,2436538,50c9509d-22c7-4a22-a47d-8c48425ef4a7
94.240849,26.799871,"Trachypithecus pileatus (Blyth, 1843)",2021.0,10.0,30.0,2436538,50c9509d-22c7-4a22-a47d-8c48425ef4a7
94.205738,26.678856,"Trachypithecus pileatus (Blyth, 1843)",2021.0,10.0,30.0,2436538,50c9509d-22c7-4a22-a47d-8c48425ef4a7
94.323834,26.730561,"Trachypithecus pileatus (Blyth, 1843)",2021.0,10.0,30.0,2436538,50c9509d-22c7-4a22-a47d-8c48425ef4a7
91.607395,27.907955,"Trachypithecus pileatus (Blyth, 1843)",2021.0,10.0,23.0,2436538,50c9509d-22c7-4a22-a47d-8c48425ef4a7
91.168563,26.721805,"Trachypithecus pileatus (Blyth, 1843)",2021.0,11.0,3.0,2436538,50c9509d-22c7-4a22-a47d-8c48425ef4a7
91.720799,27.641473,"Trachypithecus pileatus (Blyth, 1843)",2021.0,11.0,2.0,2436538,50c9509d-22c7-4a22-a47d-8c48425ef4a7
93.102351,26.966859,"Trachypithecus pileatus (Blyth, 1843)",2021.0,11.0,18.0,2436538,50c9509d-22c7-4a22-a47d-8c48425ef4a7
91.40102,24.106432,"Trachypithecus pileatus (Blyth, 1843)",2021.0,12.0,3.0,2436538,50c9509d-22c7-4a22-a47d-8c48425ef4a7
90.832602,26.742027,"Trachypithecus pileatus (Blyth, 1843)",2021.0,12.0,16.0,2436538,50c9509d-22c7-4a22-a47d-8c48425ef4a7
95.540788,27.201567,"Trachypithecus pileatus (Blyth, 1843)",2021.0,12.0,4.0,2436538,50c9509d-22c7-4a22-a47d-8c48425ef4a7
95.542026,27.373216,"Trachypithecus pileatus (Blyth, 1843)",2021.0,12.0,4.0,2436538,50c9509d-22c7-4a22-a47d-8c48425ef4a7
95.518643,27.287518,"Trachypithecus pileatus (Blyth, 1843)",2021.0,12.0,4.0,2436538,50c9509d-22c7-4a22-a47d-8c48425ef4a7
91.621943,24.071987,"Trachypithecus pileatus (Blyth, 1843)",2021.0,12.0,20.0,2436538,50c9509d-22c7-4a22-a47d-8c48425ef4a7
91.461933,24.122404,"Trachypithecus pileatus (Blyth, 1843)",2020.0,1.0,28.0,2436538,50c9509d-22c7-4a22-a47d-8c48425ef4a7
90.951266,26.707978,"Trachypithecus pileatus (Blyth, 1843)",2020.0,1.0,31.0,2436538,50c9509d-22c7-4a22-a47d-8c48425ef4a7
91.003836,27.244203,"Trachypithecus pileatus (Blyth, 1843)",2020.0,2.0,2.0,2436538,50c9509d-22c7-4a22-a47d-8c48425ef4a7
89.617432,27.480568,"Trachypithecus pileatus (Blyth, 1843)",2020.0,2.0,1.0,2436538,926f3dd4-89d9-4cbd-8ed7-32fb6fcfa861
91.432189,24.054198,"Trachypithecus pileatus (Blyth, 1843)",2020.0,8.0,24.0,2436538,50c9509d-22c7-4a22-a47d-8c48425ef4a7
95.548126,27.22997,"Trachypithecus pileatus (Blyth, 1843)",2020.0,9.0,7.0,2436538,50c9509d-22c7-4a22-a47d-8c48425ef4a7
95.548797,27.261538,"Trachypithecus pileatus (Blyth, 1843)",2020.0,9.0,7.0,2436538,50c9509d-22c7-4a22-a47d-8c48425ef4a7
95.542894,27.348309,"Trachypithecus pileatus (Blyth, 1843)",2020.0,9.0,7.0,2436538,50c9509d-22c7-4a22-a47d-8c48425ef4a7
94.315786,26.720449,"Trachypithecus pileatus (Blyth, 1843)",2020.0,10.0,5.0,2436538,50c9509d-22c7-4a22-a47d-8c48425ef4a7
91.582074,24.236548,"Trachypithecus pileatus (Blyth, 1843)",2020.0,12.0,2.0,2436538,50c9509d-22c7-4a22-a47d-8c48425ef4a7
91.4193,24.160933,"Trachypithecus pileatus (Blyth, 1843)",2020.0,12.0,2.0,2436538,50c9509d-22c7-4a22-a47d-8c48425ef4a7
92.727961,26.15519,"Trachypithecus pileatus (Blyth, 1843)",2020.0,12.0,31.0,2436538,50c9509d-22c7-4a22-a47d-8c48425ef4a7
92.85841,27.048975,"Trachypithecus pileatus (Blyth, 1843)",2019.0,1.0,14.0,2436538,50c9509d-22c7-4a22-a47d-8c48425ef4a7
91.639489,24.246044,"Trachypithecus pileatus (Blyth, 1843)",2019.0,1.0,17.0,2436538,50c9509d-22c7-4a22-a47d-8c48425ef4a7
93.24558,26.887708,"Trachypithecus pileatus (Blyth, 1843)",2019.0,2.0,20.0,2436538,50c9509d-22c7-4a22-a47d-8c48425ef4a7
92.968055,26.831248,"Trachypithecus pileatus (Blyth, 1843)",2019.0,3.0,18.0,2436538,50c9509d-22c7-4a22-a47d-8c48425ef4a7
91.559491,26.918646,"Trachypithecus pileatus (Blyth, 1843)",2019.0,4.0,3.0,2436538,50c9509d-22c7-4a22-a47d-8c48425ef4a7
91.405251,26.817758,"Trachypithecus pileatus (Blyth, 1843)",2019.0,4.0,3.0,2436538,50c9509d-22c7-4a22-a47d-8c48425ef4a7
91.382876,27.206169,"Trachypithecus pileatus (Blyth, 1843)",2019.0,4.0,5.0,2436538,50c9509d-22c7-4a22-a47d-8c48425ef4a7
91.062488,27.350826,"Trachypithecus pileatus (Blyth, 1843)",2019.0,4.0,5.0,2436538,50c9509d-22c7-4a22-a47d-8c48425ef4a7
91.191124,27.262927,"Trachypithecus pileatus (Blyth, 1843)",2019.0,4.0,8.0,2436538,50c9509d-22c7-4a22-a47d-8c48425ef4a7
91.592699,27.020581,"Trachypithecus pileatus (Blyth, 1843)",2019.0,4.0,4.0,2436538,50c9509d-22c7-4a22-a47d-8c48425ef4a7
91.510442,27.192566,"Trachypithecus pileatus (Blyth, 1843)",2019.0,4.0,4.0,2436538,50c9509d-22c7-4a22-a47d-8c48425ef4a7
94.279454,26.777245,"Trachypithecus pileatus (Blyth, 1843)",2019.0,5.0,26.0,2436538,50c9509d-22c7-4a22-a47d-8c48425ef4a7
94.351769,26.780294,"Trachypithecus pileatus (Blyth, 1843)",2019.0,5.0,27.0,2436538,50c9509d-22c7-4a22-a47d-8c48425ef4a7
91.690938,27.102485,"Trachypithecus pileatus (Blyth, 1843)",2019.0,9.0,29.0,2436538,50c9509d-22c7-4a22-a47d-8c48425ef4a7
91.608337,27.156998,"Trachypithecus pileatus (Blyth, 1843)",2019.0,9.0,29.0,2436538,926f3dd4-89d9-4cbd-8ed7-32fb6fcfa861
91.000605,26.658644,"Trachypithecus pileatus (Blyth, 1843)",2019.0,10.0,31.0,2436538,c6b86c40-ff71-4e5e-902c-111f400d0d56
90.957592,26.781984,"Trachypithecus pileatus (Blyth, 1843)",2019.0,10.0,31.0,2436538,c6b86c40-ff71-4e5e-902c-111f400d0d56
90.9576,26.782,"Trachypithecus pileatus (Blyth, 1843)",2019.0,10.0,29.0,2436538,c6b86c40-ff71-4e5e-902c-111f400d0d56
90.691422,27.159416,"Trachypithecus pileatus (Blyth, 1843)",2019.0,12.0,24.0,2436538,926f3dd4-89d9-4cbd-8ed7-32fb6fcfa861
91.001131,26.659423,"Trachypithecus pileatus (Blyth, 1843)",2019.0,12.0,23.0,2436538,c6b86c40-ff71-4e5e-902c-111f400d0d56
91.169321,26.892207,"Trachypithecus pileatus (Blyth, 1843)",2018.0,2.0,3.0,2436538,50c9509d-22c7-4a22-a47d-8c48425ef4a7
91.001129,26.659422,"Trachypithecus pileatus (Blyth, 1843)",2018.0,3.0,17.0,2436538,c6b86c40-ff71-4e5e-902c-111f400d0d56
91.471012,27.24679,"Trachypithecus pileatus (Blyth, 1843)",2018.0,3.0,24.0,2436538,50c9509d-22c7-4a22-a47d-8c48425ef4a7
92.92777,26.816862,"Trachypithecus pileatus (Blyth, 1843)",2018.0,3.0,27.0,2436538,50c9509d-22c7-4a22-a47d-8c48425ef4a7
94.375827,26.7309,"Trachypithecus pileatus (Blyth, 1843)",2018.0,3.0,16.0,2436538,50c9509d-22c7-4a22-a47d-8c48425ef4a7
91.560558,27.416703,"Trachypithecus pileatus (Blyth, 1843)",2018.0,4.0,13.0,2436538,50c9509d-22c7-4a22-a47d-8c48425ef4a7
91.352617,27.183048,"Trachypithecus pileatus (Blyth, 1843)",2018.0,4.0,6.0,2436538,50c9509d-22c7-4a22-a47d-8c48425ef4a7
92.073119,26.897619,"Trachypithecus pileatus (Blyth, 1843)",2018.0,4.0,13.0,2436538,50c9509d-22c7-4a22-a47d-8c48425ef4a7
91.85038,27.039332,"Trachypithecus pileatus (Blyth, 1843)",2018.0,4.0,18.0,2436538,50c9509d-22c7-4a22-a47d-8c48425ef4a7
93.724456,25.988622,"Trachypithecus pileatus (Blyth, 1843)",2018.0,4.0,1.0,2436538,50c9509d-22c7-4a22-a47d-8c48425ef4a7
90.952353,27.308972,"Trachypithecus pileatus (Blyth, 1843)",2018.0,6.0,6.0,2436538,50c9509d-22c7-4a22-a47d-8c48425ef4a7
90.981788,26.79088,"Trachypithecus pileatus (Blyth, 1843)",2018.0,6.0,24.0,2436538,50c9509d-22c7-4a22-a47d-8c48425ef4a7
94.32826,26.651571,"Trachypithecus pileatus (Blyth, 1843)",2018.0,9.0,20.0,2436538,c6b86c40-ff71-4e5e-902c-111f400d0d56
94.35361,26.662599,"Trachypithecus pileatus (Blyth, 1843)",2018.0,9.0,2.0,2436538,c6b86c40-ff71-4e5e-902c-111f400d0d56
92.711811,24.69355,"Trachypithecus pileatus (Blyth, 1843)",2018.0,9.0,29.0,2436538,c6b86c40-ff71-4e5e-902c-111f400d0d56
94.384746,26.69297,"Trachypithecus pileatus (Blyth, 1843)",2018.0,9.0,27.0,2436538,50c9509d-22c7-4a22-a47d-8c48425ef4a7
92.246253,24.259821,"Trachypithecus pileatus (Blyth, 1843)",2018.0,11.0,8.0,2436538,50c9509d-22c7-4a22-a47d-8c48425ef4a7
92.355093,24.291074,"Trachypithecus pileatus (Blyth, 1843)",2018.0,11.0,8.0,2436538,50c9509d-22c7-4a22-a47d-8c48425ef4a7
90.810942,26.692468,"Trachypithecus pileatus (Blyth, 1843)",2018.0,11.0,15.0,2436538,50c9509d-22c7-4a22-a47d-8c48425ef4a7
92.857656,26.820692,"Trachypithecus pileatus (Blyth, 1843)",2018.0,11.0,13.0,2436538,50c9509d-22c7-4a22-a47d-8c48425ef4a7
91.286778,23.831457,"Trachypithecus pileatus (Blyth, 1843)",2018.0,12.0,20.0,2436538,50c9509d-22c7-4a22-a47d-8c48425ef4a7
94.203158,26.783577,"Trachypithecus pileatus (Blyth, 1843)",2018.0,12.0,1.0,2436538,50c9509d-22c7-4a22-a47d-8c48425ef4a7
94.305926,26.659209,"Trachypithecus pileatus (Blyth, 1843)",2017.0,1.0,22.0,2436538,50c9509d-22c7-4a22-a47d-8c48425ef4a7
95.449975,27.36126,"Trachypithecus pileatus (Blyth, 1843)",2017.0,1.0,26.0,2436538,50c9509d-22c7-4a22-a47d-8c48425ef4a7
93.111057,26.450015,"Trachypithecus pileatus (Blyth, 1843)",2017.0,2.0,3.0,2436538,50c9509d-22c7-4a22-a47d-8c48425ef4a7
91.526109,26.967981,"Trachypithecus pileatus (Blyth, 1843)",2017.0,3.0,31.0,2436538,50c9509d-22c7-4a22-a47d-8c48425ef4a7
91.790904,26.675775,"Trachypithecus pileatus (Blyth, 1843)",2017.0,3.0,8.0,2436538,50c9509d-22c7-4a22-a47d-8c48425ef4a7
91.273339,26.806716,"Trachypithecus pileatus (Blyth, 1843)",2017.0,3.0,16.0,2436538,50c9509d-22c7-4a22-a47d-8c48425ef4a7
92.98092,26.820945,"Trachypithecus pileatus (Blyth, 1843)",2017.0,3.0,27.0,2436538,50c9509d-22c7-4a22-a47d-8c48425ef4a7
94.270305,26.689064,"Trachypithecus pileatus (Blyth, 1843)",2017.0,3.0,22.0,2436538,50c9509d-22c7-4a22-a47d-8c48425ef4a7
91.039286,27.363884,"Trachypithecus pileatus (Blyth, 1843)",2017.0,4.0,5.0,2436538,50c9509d-22c7-4a22-a47d-8c48425ef4a7
91.151194,27.212744,"Trachypithecus pileatus (Blyth, 1843)",2017.0,4.0,5.0,2436538,50c9509d-22c7-4a22-a47d-8c48425ef4a7
91.714968,26.154976,"Trachypithecus pileatus (Blyth, 1843)",2017.0,4.0,29.0,2436538,50c9509d-22c7-4a22-a47d-8c48425ef4a7
91.110825,27.341492,"Trachypithecus pileatus (Blyth, 1843)",2017.0,7.0,10.0,2436538,50c9509d-22c7-4a22-a47d-8c48425ef4a7
90.140633,24.643719,"Trachypithecus pileatus (Blyth, 1843)",2017.0,8.0,30.0,2436538,50c9509d-22c7-4a22-a47d-8c48425ef4a7
90.943848,27.311466,"Trachypithecus pileatus (Blyth, 1843)",2017.0,9.0,4.0,2436538,926f3dd4-89d9-4cbd-8ed7-32fb6fcfa861
94.3411,26.689423,"Trachypithecus pileatus (Blyth, 1843)",2017.0,10.0,31.0,2436538,c6b86c40-ff71-4e5e-902c-111f400d0d56
94.341103,26.689423,"Trachypithecus pileatus (Blyth, 1843)",2017.0,10.0,31.0,2436538,c6b86c40-ff71-4e5e-902c-111f400d0d56
93.598429,26.369984,"Trachypithecus pileatus (Blyth, 1843)",2017.0,12.0,23.0,2436538,50c9509d-22c7-4a22-a47d-8c48425ef4a7
94.202583,26.746521,"Trachypithecus pileatus (Blyth, 1843)",2017.0,12.0,23.0,2436538,c6b86c40-ff71-4e5e-902c-111f400d0d56
94.242797,26.645523,"Trachypithecus pileatus (Blyth, 1843)",2017.0,12.0,23.0,2436538,50c9509d-22c7-4a22-a47d-8c48425ef4a7
94.251704,26.68596,"Trachypithecus pileatus (Blyth, 1843)",2017.0,12.0,23.0,2436538,50c9509d-22c7-4a22-a47d-8c48425ef4a7
94.250418,26.648235,"Trachypithecus pileatus (Blyth, 1843)",2017.0,12.0,23.0,2436538,50c9509d-22c7-4a22-a47d-8c48425ef4a7
91.176102,27.664921,"Trachypithecus pileatus (Blyth, 1843)",2016.0,1.0,23.0,2436538,926f3dd4-89d9-4cbd-8ed7-32fb6fcfa861
92.944901,26.802912,"Trachypithecus pileatus (Blyth, 1843)",2016.0,2.0,25.0,2436538,50c9509d-22c7-4a22-a47d-8c48425ef4a7
92.632188,27.168919,"Trachypithecus pileatus (Blyth, 1843)",2016.0,2.0,28.0,2436538,50c9509d-22c7-4a22-a47d-8c48425ef4a7
91.020325,26.745993,"Trachypithecus pileatus (Blyth, 1843)",2016.0,3.0,19.0,2436538,c6b86c40-ff71-4e5e-902c-111f400d0d56
91.540288,26.830914,"Trachypithecus pileatus (Blyth, 1843)",2016.0,3.0,22.0,2436538,50c9509d-22c7-4a22-a47d-8c48425ef4a7
89.529237,26.889367,"Trachypithecus pileatus (Blyth, 1843)",2016.0,4.0,5.0,2436538,50c9509d-22c7-4a22-a47d-8c48425ef4a7
91.681787,24.201895,"Trachypithecus pileatus (Blyth, 1843)",2016.0,7.0,17.0,2436538,50c9509d-22c7-4a22-a47d-8c48425ef4a7
95.409541,27.29432,"Trachypithecus pileatus (Blyth, 1843)",2016.0,11.0,27.0,2436538,50c9509d-22c7-4a22-a47d-8c48425ef4a7
95.414673,27.271062,"Trachypithecus pileatus (Blyth, 1843)",2016.0,11.0,13.0,2436538,50c9509d-22c7-4a22-a47d-8c48425ef4a7
95.57792,27.399202,"Trachypithecus pileatus (Blyth, 1843)",2016.0,11.0,13.0,2436538,50c9509d-22c7-4a22-a47d-8c48425ef4a7
93.623855,25.965494,"Trachypithecus pileatus (Blyth, 1843)",2016.0,11.0,1.0,2436538,50c9509d-22c7-4a22-a47d-8c48425ef4a7
94.357704,26.785929,"Trachypithecus pileatus (Blyth, 1843)",2016.0,11.0,2.0,2436538,50c9509d-22c7-4a22-a47d-8c48425ef4a7
96.573542,27.435225,"Trachypithecus pileatus (Blyth, 1843)",2016.0,12.0,10.0,2436538,50c9509d-22c7-4a22-a47d-8c48425ef4a7
94.341103,26.689423,"Trachypithecus pileatus (Blyth, 1843)",2016.0,12.0,22.0,2436538,c6b86c40-ff71-4e5e-902c-111f400d0d56
95.55128,27.207378,"Trachypithecus pileatus (Blyth, 1843)",2016.0,12.0,27.0,2436538,50c9509d-22c7-4a22-a47d-8c48425ef4a7
92.815962,26.983681,"Trachypithecus pileatus (Blyth, 1843)",2016.0,12.0,12.0,2436538,50c9509d-22c7-4a22-a47d-8c48425ef4a7
94.345652,26.610947,"Trachypithecus pileatus (Blyth, 1843)",2015.0,2.0,16.0,2436538,50c9509d-22c7-4a22-a47d-8c48425ef4a7
94.360624,26.708699,"Trachypithecus pileatus (Blyth, 1843)",2015.0,3.0,12.0,2436538,50c9509d-22c7-4a22-a47d-8c48425ef4a7
94.220336,26.647741,"Trachypithecus pileatus (Blyth, 1843)",2015.0,3.0,11.0,2436538,50c9509d-22c7-4a22-a47d-8c48425ef4a7
91.484672,26.921208,"Trachypithecus pileatus (Blyth, 1843)",2015.0,3.0,23.0,2436538,50c9509d-22c7-4a22-a47d-8c48425ef4a7
91.481817,26.941839,"Trachypithecus pileatus (Blyth, 1843)",2015.0,3.0,24.0,2436538,50c9509d-22c7-4a22-a47d-8c48425ef4a7
91.138344,27.318687,"Trachypithecus pileatus (Blyth, 1843)",2015.0,4.0,1.0,2436538,50c9509d-22c7-4a22-a47d-8c48425ef4a7
91.113488,27.311541,"Trachypithecus pileatus (Blyth, 1843)",2015.0,4.0,1.0,2436538,50c9509d-22c7-4a22-a47d-8c48425ef4a7
91.148574,26.782673,"Trachypithecus pileatus (Blyth, 1843)",2015.0,5.0,2.0,2436538,50c9509d-22c7-4a22-a47d-8c48425ef4a7
94.347208,26.632312,"Trachypithecus pileatus (Blyth, 1843)",2015.0,5.0,8.0,2436538,50c9509d-22c7-4a22-a47d-8c48425ef4a7
92.872184,26.917725,"Trachypithecus pileatus (Blyth, 1843)",2015.0,8.0,23.0,2436538,50c9509d-22c7-4a22-a47d-8c48425ef4a7
91.122929,26.735708,"Trachypithecus pileatus (Blyth, 1843)",2015.0,10.0,3.0,2436538,50c9509d-22c7-4a22-a47d-8c48425ef4a7
91.125845,26.673981,"Trachypithecus pileatus (Blyth, 1843)",2015.0,10.0,3.0,2436538,50c9509d-22c7-4a22-a47d-8c48425ef4a7
92.853378,26.972024,"Trachypithecus pileatus (Blyth, 1843)",2015.0,11.0,12.0,2436538,50c9509d-22c7-4a22-a47d-8c48425ef4a7
94.335136,26.683048,"Trachypithecus pileatus (Blyth, 1843)",2015.0,12.0,4.0,2436538,c6b86c40-ff71-4e5e-902c-111f400d0d56
94.335136,26.683048,"Trachypithecus pileatus (Blyth, 1843)",2015.0,12.0,4.0,2436538,c6b86c40-ff71-4e5e-902c-111f400d0d56
91.526393,26.889275,"Trachypithecus pileatus (Blyth, 1843)",2014.0,2.0,22.0,2436538,50c9509d-22c7-4a22-a47d-8c48425ef4a7
90.830054,26.710229,"Trachypithecus pileatus (Blyth, 1843)",2014.0,3.0,21.0,2436538,50c9509d-22c7-4a22-a47d-8c48425ef4a7
91.183379,26.691907,"Trachypithecus pileatus (Blyth, 1843)",2014.0,3.0,20.0,2436538,50c9509d-22c7-4a22-a47d-8c48425ef4a7
93.443343,26.58244,"Trachypithecus pileatus (Blyth, 1843)",2014.0,3.0,12.0,2436538,50c9509d-22c7-4a22-a47d-8c48425ef4a7
89.083603,26.913105,"Trachypithecus pileatus (Blyth, 1843)",2014.0,3.0,22.0,2436538,926f3dd4-89d9-4cbd-8ed7-32fb6fcfa861
92.828928,26.936999,"Trachypithecus pileatus (Blyth, 1843)",2014.0,4.0,19.0,2436538,50c9509d-22c7-4a22-a47d-8c48425ef4a7
94.341103,26.689423,"Trachypithecus pileatus (Blyth, 1843)",2014.0,5.0,4.0,2436538,c6b86c40-ff71-4e5e-902c-111f400d0d56
92.04835,22.501927,"Trachypithecus pileatus (Blyth, 1843)",2014.0,5.0,23.0,2436538,50c9509d-22c7-4a22-a47d-8c48425ef4a7
